country,food_category,consumption,co2_emmission,lat,lng
Argentina,Pork,10.51,37.2,-38.416097,-63.616672
Argentina,Poultry,38.66,41.53,-38.416097,-63.616672
Argentina,Beef,55.48,1712,-38.416097,-63.616672
Argentina,Lamb & Goat,1.56,54.63,-38.416097,-63.616672
Argentina,Fish,4.36,6.96,-38.416097,-63.616672
Argentina,Eggs,11.39,10.46,-38.416097,-63.616672
Argentina,Milk - inc. cheese,195.08,277.87,-38.416097,-63.616672
Argentina,Wheat and Wheat Products,103.11,s,-38.416097,-63.616672
Argentina,Rice,8.77,11.22,-38.416097,-63.616672
Argentina,Soybeans,0,0,-38.416097,-63.616672
Argentina,Nuts inc. Peanut Butter,0.49,0.87,-38.416097,-63.616672
Australia,Pork,24.14,85.44,-25.274398,133.775136
Australia,Poultry,46.12,49.54,-25.274398,133.775136
Australia,Beef,33.86,1044.85,-25.274398,133.775136
Australia,Lamb & Goat,9.87,345.65,-25.274398,133.775136
Australia,Fish,17.69,28.25,-25.274398,133.775136
Australia,Eggs,8.51,7.82,-25.274398,133.775136
Australia,Milk - inc. cheese,234.49,334.01,-25.274398,133.775136
Australia,Wheat and Wheat Products,70.46,13.44,-25.274398,133.775136
Australia,Rice,11.03,14.12,-25.274398,133.775136
Australia,Soybeans,0.19,0.09,-25.274398,133.775136
Australia,Nuts inc. Peanut Butter,8.73,15.45,-25.274398,133.775136
Albania,Pork,10.88,38.51,41.153332,20.168331
Albania,Poultry,13.23,14.21,41.153332,20.168331
Albania,Beef,22.5,694.3,41.153332,20.168331
Albania,Lamb & Goat,15.32,536.5,41.153332,20.168331
Albania,Fish,3.85,6.15,41.153332,20.168331
Albania,Eggs,12.45,11.44,41.153332,20.168331
Albania,Milk - inc. cheese,303.72,432.62,41.153332,20.168331
Albania,Wheat and Wheat Products,138.64,26.44,41.153332,20.168331
Albania,Rice,7.78,9.96,41.153332,20.168331
Albania,Soybeans,0,0,41.153332,20.168331
Albania,Nuts inc. Peanut Butter,4.36,7.72,41.153332,20.168331
Iceland,Pork,21.69,76.77,64.963051,-19.020835
Iceland,Poultry,26.87,28.86,64.963051,-19.020835
Iceland,Beef,13.36,412.26,64.963051,-19.020835
Iceland,Lamb & Goat,21.12,739.62,64.963051,-19.020835
Iceland,Fish,74.41,118.81,64.963051,-19.020835
Iceland,Eggs,8.24,7.57,64.963051,-19.020835
Iceland,Milk - inc. cheese,225.82,321.66,64.963051,-19.020835
Iceland,Wheat and Wheat Products,72.92,13.91,64.963051,-19.020835
Iceland,Rice,3.89,4.98,64.963051,-19.020835
Iceland,Soybeans,0.11,0.05,64.963051,-19.020835
Iceland,Nuts inc. Peanut Butter,3.88,6.87,64.963051,-19.020835
New Zealand,Pork,22.29,78.9,-40.900557,174.885971
New Zealand,Poultry,34.98,37.58,-40.900557,174.885971
New Zealand,Beef,22.49,693.99,-40.900557,174.885971
New Zealand,Lamb & Goat,18.91,662.23,-40.900557,174.885971
New Zealand,Fish,20.36,32.51,-40.900557,174.885971
New Zealand,Eggs,9.91,9.1,-40.900557,174.885971
New Zealand,Milk - inc. cheese,137.25,195.5,-40.900557,174.885971
New Zealand,Wheat and Wheat Products,76.91,14.67,-40.900557,174.885971
New Zealand,Rice,9.16,11.72,-40.900557,174.885971
New Zealand,Soybeans,0.44,0.2,-40.900557,174.885971
New Zealand,Nuts inc. Peanut Butter,8.22,14.55,-40.900557,174.885971
USA,Pork,27.64,97.83,37.09024,-95.712891
USA,Poultry,50.01,53.72,37.09024,-95.712891
USA,Beef,36.24,1118.29,37.09024,-95.712891
USA,Lamb & Goat,0.43,15.06,37.09024,-95.712891
USA,Fish,12.35,19.72,37.09024,-95.712891
USA,Eggs,14.58,13.39,37.09024,-95.712891
USA,Milk - inc. cheese,254.69,362.78,37.09024,-95.712891
USA,Wheat and Wheat Products,80.43,15.34,37.09024,-95.712891
USA,Rice,6.88,8.8,37.09024,-95.712891
USA,Soybeans,0.04,0.02,37.09024,-95.712891
USA,Nuts inc. Peanut Butter,7.86,13.91,37.09024,-95.712891
Uruguay,Pork,16.84,59.61,-32.522779,-55.765835
Uruguay,Poultry,27.45,29.49,-32.522779,-55.765835
Uruguay,Beef,29.1,897.96,-32.522779,-55.765835
Uruguay,Lamb & Goat,8.23,288.21,-32.522779,-55.765835
Uruguay,Fish,6.53,10.43,-32.522779,-55.765835
Uruguay,Eggs,13.14,12.07,-32.522779,-55.765835
Uruguay,Milk - inc. cheese,210.54,299.89,-32.522779,-55.765835
Uruguay,Wheat and Wheat Products,109.31,20.85,-32.522779,-55.765835
Uruguay,Rice,11.5,14.72,-32.522779,-55.765835
Uruguay,Soybeans,0.01,0,-32.522779,-55.765835
Uruguay,Nuts inc. Peanut Butter,0.95,1.68,-32.522779,-55.765835
Luxembourg,Pork,43.58,154.25,49.815273,6.129583
Luxembourg,Poultry,21.37,22.96,49.815273,6.129583
Luxembourg,Beef,29.88,922.03,49.815273,6.129583
Luxembourg,Lamb & Goat,1.67,58.48,49.815273,6.129583
Luxembourg,Fish,23.09,36.87,49.815273,6.129583
Luxembourg,Eggs,14.64,13.45,49.815273,6.129583
Luxembourg,Milk - inc. cheese,255.3,363.65,49.815273,6.129583
Luxembourg,Wheat and Wheat Products,103.2,19.68,49.815273,6.129583
Luxembourg,Rice,4.2,5.37,49.815273,6.129583
Luxembourg,Soybeans,0.04,0.02,49.815273,6.129583
Luxembourg,Nuts inc. Peanut Butter,0.93,1.65,49.815273,6.129583
Brazil,Pork,12.6,44.6,-14.235004,-51.92528
Brazil,Poultry,45,48.34,-14.235004,-51.92528
Brazil,Beef,39.25,1211.17,-14.235004,-51.92528
Brazil,Lamb & Goat,0.62,21.71,-14.235004,-51.92528
Brazil,Fish,10.01,15.98,-14.235004,-51.92528
Brazil,Eggs,8.98,8.25,-14.235004,-51.92528
Brazil,Milk - inc. cheese,149.28,212.63,-14.235004,-51.92528
Brazil,Wheat and Wheat Products,53,10.11,-14.235004,-51.92528
Brazil,Rice,32.13,41.12,-14.235004,-51.92528
Brazil,Soybeans,3.62,1.63,-14.235004,-51.92528
Brazil,Nuts inc. Peanut Butter,0.67,1.19,-14.235004,-51.92528
Kazakhstan,Pork,10.36,36.67,48.019573,66.923684
Kazakhstan,Poultry,18.38,19.74,48.019573,66.923684
Kazakhstan,Beef,23.38,721.46,48.019573,66.923684
Kazakhstan,Lamb & Goat,9.56,334.79,48.019573,66.923684
Kazakhstan,Fish,5.21,8.32,48.019573,66.923684
Kazakhstan,Eggs,8.29,7.62,48.019573,66.923684
Kazakhstan,Milk - inc. cheese,288.12,410.4,48.019573,66.923684
Kazakhstan,Wheat and Wheat Products,92.31,17.6,48.019573,66.923684
Kazakhstan,Rice,7.32,9.37,48.019573,66.923684
Kazakhstan,Soybeans,0.03,0.01,48.019573,66.923684
Kazakhstan,Nuts inc. Peanut Butter,5.14,9.1,48.019573,66.923684
Sweden,Pork,37,130.96,60.128161,18.643501
Sweden,Poultry,16.64,17.87,60.128161,18.643501
Sweden,Beef,24.58,758.49,60.128161,18.643501
Sweden,Lamb & Goat,1.41,49.38,60.128161,18.643501
Sweden,Fish,23.86,38.1,60.128161,18.643501
Sweden,Eggs,13.37,12.28,60.128161,18.643501
Sweden,Milk - inc. cheese,341.23,486.05,60.128161,18.643501
Sweden,Wheat and Wheat Products,79.59,15.18,60.128161,18.643501
Sweden,Rice,5.96,7.63,60.128161,18.643501
Sweden,Soybeans,0.13,0.06,60.128161,18.643501
Sweden,Nuts inc. Peanut Butter,6.23,11.03,60.128161,18.643501
Bermuda,Pork,28.24,99.96,32.321384,-64.75737
Bermuda,Poultry,32.62,35.04,32.321384,-64.75737
Bermuda,Beef,33.15,1022.94,32.321384,-64.75737
Bermuda,Lamb & Goat,2.71,94.9,32.321384,-64.75737
Bermuda,Fish,33.22,53.04,32.321384,-64.75737
Bermuda,Eggs,14.92,13.71,32.321384,-64.75737
Bermuda,Milk - inc. cheese,95.56,136.12,32.321384,-64.75737
Bermuda,Wheat and Wheat Products,54.88,10.47,32.321384,-64.75737
Bermuda,Rice,5.38,6.88,32.321384,-64.75737
Bermuda,Soybeans,0.22,0.1,32.321384,-64.75737
Bermuda,Nuts inc. Peanut Butter,5.72,10.12,32.321384,-64.75737
Denmark,Pork,24.87,88.03,56.26392,9.501785
Denmark,Poultry,26.75,28.73,56.26392,9.501785
Denmark,Beef,28.46,878.22,56.26392,9.501785
Denmark,Lamb & Goat,0.92,32.22,56.26392,9.501785
Denmark,Fish,16.49,26.33,56.26392,9.501785
Denmark,Eggs,15.35,14.1,56.26392,9.501785
Denmark,Milk - inc. cheese,277.3,394.99,56.26392,9.501785
Denmark,Wheat and Wheat Products,98,18.69,56.26392,9.501785
Denmark,Rice,4.96,6.35,56.26392,9.501785
Denmark,Soybeans,0.03,0.01,56.26392,9.501785
Denmark,Nuts inc. Peanut Butter,5.94,10.51,56.26392,9.501785
Finland,Pork,36.14,127.92,61.92411,25.748151
Finland,Poultry,19.87,21.34,61.92411,25.748151
Finland,Beef,19.22,593.09,61.92411,25.748151
Finland,Lamb & Goat,0.53,18.56,61.92411,25.748151
Finland,Fish,33.8,53.97,61.92411,25.748151
Finland,Eggs,9.55,8.77,61.92411,25.748151
Finland,Milk - inc. cheese,430.76,613.57,61.92411,25.748151
Finland,Wheat and Wheat Products,81.99,15.64,61.92411,25.748151
Finland,Rice,4.42,5.66,61.92411,25.748151
Finland,Soybeans,0.08,0.04,61.92411,25.748151
Finland,Nuts inc. Peanut Butter,3.43,6.07,61.92411,25.748151
Ireland,Pork,32.4,114.68,53.41291,-8.24389
Ireland,Poultry,26.26,28.21,53.41291,-8.24389
Ireland,Beef,22.35,689.67,53.41291,-8.24389
Ireland,Lamb & Goat,4.1,143.58,53.41291,-8.24389
Ireland,Fish,17.39,27.77,53.41291,-8.24389
Ireland,Eggs,8.96,8.23,53.41291,-8.24389
Ireland,Milk - inc. cheese,291.86,415.73,53.41291,-8.24389
Ireland,Wheat and Wheat Products,107.98,20.59,53.41291,-8.24389
Ireland,Rice,3,3.84,53.41291,-8.24389
Ireland,Soybeans,0.25,0.11,53.41291,-8.24389
Ireland,Nuts inc. Peanut Butter,4.1,7.26,53.41291,-8.24389
Greece,Pork,28.31,100.2,39.074208,21.824312
Greece,Poultry,15.74,16.91,39.074208,21.824312
Greece,Beef,16.1,496.81,39.074208,21.824312
Greece,Lamb & Goat,12.47,436.7,39.074208,21.824312
Greece,Fish,14.42,23.02,39.074208,21.824312
Greece,Eggs,10.13,9.31,39.074208,21.824312
Greece,Milk - inc. cheese,255.26,363.59,39.074208,21.824312
Greece,Wheat and Wheat Products,124.04,23.65,39.074208,21.824312
Greece,Rice,6.64,8.5,39.074208,21.824312
Greece,Soybeans,0.02,0.01,39.074208,21.824312
Greece,Nuts inc. Peanut Butter,10.5,18.59,39.074208,21.824312
France,Pork,33.05,116.98,46.227638,2.213749
France,Poultry,22.93,24.63,46.227638,2.213749
France,Beef,23.81,734.73,46.227638,2.213749
France,Lamb & Goat,3.28,114.87,46.227638,2.213749
France,Fish,22.91,36.58,46.227638,2.213749
France,Eggs,13.13,12.06,46.227638,2.213749
France,Milk - inc. cheese,241.31,343.72,46.227638,2.213749
France,Wheat and Wheat Products,108.43,20.68,46.227638,2.213749
France,Rice,4.88,6.24,46.227638,2.213749
France,Soybeans,0.05,0.02,46.227638,2.213749
France,Nuts inc. Peanut Butter,5.39,9.54,46.227638,2.213749
Canada,Pork,22.81,80.74,56.130366,-106.346771
Canada,Poultry,36.68,39.4,56.130366,-106.346771
Canada,Beef,30.25,933.45,56.130366,-106.346771
Canada,Lamb & Goat,0.97,33.97,56.130366,-106.346771
Canada,Fish,14.56,23.25,56.130366,-106.346771
Canada,Eggs,12.95,11.9,56.130366,-106.346771
Canada,Milk - inc. cheese,187.77,267.46,56.130366,-106.346771
Canada,Wheat and Wheat Products,84.96,16.2,56.130366,-106.346771
Canada,Rice,12.65,16.19,56.130366,-106.346771
Canada,Soybeans,0.94,0.42,56.130366,-106.346771
Canada,Nuts inc. Peanut Butter,8.01,14.18,56.130366,-106.346771
Norway,Pork,23.51,83.21,60.472024,8.468946
Norway,Poultry,21.01,22.57,60.472024,8.468946
Norway,Beef,19.83,611.91,60.472024,8.468946
Norway,Lamb & Goat,5.34,187.01,60.472024,8.468946
Norway,Fish,38.18,60.96,60.472024,8.468946
Norway,Eggs,11.41,10.48,60.472024,8.468946
Norway,Milk - inc. cheese,261.34,372.25,60.472024,8.468946
Norway,Wheat and Wheat Products,97.12,18.52,60.472024,8.468946
Norway,Rice,4.36,5.58,60.472024,8.468946
Norway,Soybeans,0.11,0.05,60.472024,8.468946
Norway,Nuts inc. Peanut Butter,5.28,9.35,60.472024,8.468946
French Polynesia,Pork,14.75,52.21,-17.679742,-149.406843
French Polynesia,Poultry,49.55,53.23,-17.679742,-149.406843
French Polynesia,Beef,30.9,953.51,-17.679742,-149.406843
French Polynesia,Lamb & Goat,2.83,99.11,-17.679742,-149.406843
French Polynesia,Fish,38.95,62.19,-17.679742,-149.406843
French Polynesia,Eggs,8.75,8.04,-17.679742,-149.406843
French Polynesia,Milk - inc. cheese,93.56,133.27,-17.679742,-149.406843
French Polynesia,Wheat and Wheat Products,68.67,13.1,-17.679742,-149.406843
French Polynesia,Rice,35.59,45.54,-17.679742,-149.406843
French Polynesia,Soybeans,0.77,0.35,-17.679742,-149.406843
French Polynesia,Nuts inc. Peanut Butter,2.34,4.14,-17.679742,-149.406843
Israel,Pork,1.99,7.04,31.046051,34.851612
Israel,Poultry,62.5,67.14,31.046051,34.851612
Israel,Beef,28.78,888.09,31.046051,34.851612
Israel,Lamb & Goat,1.87,65.49,31.046051,34.851612
Israel,Fish,22.18,35.41,31.046051,34.851612
Israel,Eggs,11.35,10.43,31.046051,34.851612
Israel,Milk - inc. cheese,193.6,275.76,31.046051,34.851612
Israel,Wheat and Wheat Products,110.86,21.14,31.046051,34.851612
Israel,Rice,16.81,21.51,31.046051,34.851612
Israel,Soybeans,0.1,0.05,31.046051,34.851612
Israel,Nuts inc. Peanut Butter,7.71,13.65,31.046051,34.851612
Switzerland,Pork,31.49,111.46,46.818188,8.227512
Switzerland,Poultry,16.38,17.6,46.818188,8.227512
Switzerland,Beef,21.26,656.04,46.818188,8.227512
Switzerland,Lamb & Goat,1.42,49.73,46.818188,8.227512
Switzerland,Fish,13.48,21.52,46.818188,8.227512
Switzerland,Eggs,10.53,9.67,46.818188,8.227512
Switzerland,Milk - inc. cheese,318.69,453.94,46.818188,8.227512
Switzerland,Wheat and Wheat Products,89.51,17.07,46.818188,8.227512
Switzerland,Rice,2.43,3.11,46.818188,8.227512
Switzerland,Soybeans,0.44,0.2,46.818188,8.227512
Switzerland,Nuts inc. Peanut Butter,9.27,16.41,46.818188,8.227512
Netherlands,Pork,36.36,128.7,52.132633,5.291266
Netherlands,Poultry,23.9,25.67,52.132633,5.291266
Netherlands,Beef,17.67,545.26,52.132633,5.291266
Netherlands,Lamb & Goat,0.94,32.92,52.132633,5.291266
Netherlands,Fish,18.64,29.76,52.132633,5.291266
Netherlands,Eggs,14.03,12.89,52.132633,5.291266
Netherlands,Milk - inc. cheese,341.47,486.39,52.132633,5.291266
Netherlands,Wheat and Wheat Products,70.17,13.38,52.132633,5.291266
Netherlands,Rice,2.93,3.75,52.132633,5.291266
Netherlands,Soybeans,0.12,0.05,52.132633,5.291266
Netherlands,Nuts inc. Peanut Butter,7.94,14.05,52.132633,5.291266
Kuwait,Pork,0,0,29.31166,47.481766
Kuwait,Poultry,53.61,57.59,29.31166,47.481766
Kuwait,Beef,13.03,402.08,29.31166,47.481766
Kuwait,Lamb & Goat,15.61,546.66,29.31166,47.481766
Kuwait,Fish,11.99,19.14,29.31166,47.481766
Kuwait,Eggs,12.6,11.57,29.31166,47.481766
Kuwait,Milk - inc. cheese,157.66,224.57,29.31166,47.481766
Kuwait,Wheat and Wheat Products,96.76,18.45,29.31166,47.481766
Kuwait,Rice,43.83,56.09,29.31166,47.481766
Kuwait,Soybeans,0.06,0.03,29.31166,47.481766
Kuwait,Nuts inc. Peanut Butter,5.23,9.26,29.31166,47.481766
United Kingdom,Pork,25.79,91.28,55.378051,-3.435973
United Kingdom,Poultry,31.55,33.89,55.378051,-3.435973
United Kingdom,Beef,18.12,559.15,55.378051,-3.435973
United Kingdom,Lamb & Goat,4.49,157.24,55.378051,-3.435973
United Kingdom,Fish,15.49,24.73,55.378051,-3.435973
United Kingdom,Eggs,11.08,10.18,55.378051,-3.435973
United Kingdom,Milk - inc. cheese,232.2,330.75,55.378051,-3.435973
United Kingdom,Wheat and Wheat Products,98.63,18.81,55.378051,-3.435973
United Kingdom,Rice,6.39,8.18,55.378051,-3.435973
United Kingdom,Soybeans,0.05,0.02,55.378051,-3.435973
United Kingdom,Nuts inc. Peanut Butter,4.18,7.4,55.378051,-3.435973
Austria,Pork,52.56,186.04,47.516231,14.550072
Austria,Poultry,18.61,19.99,47.516231,14.550072
Austria,Beef,17.14,528.9,47.516231,14.550072
Austria,Lamb & Goat,1.16,40.62,47.516231,14.550072
Austria,Fish,12.16,19.42,47.516231,14.550072
Austria,Eggs,14.68,13.49,47.516231,14.550072
Austria,Milk - inc. cheese,258.09,367.62,47.516231,14.550072
Austria,Wheat and Wheat Products,81.1,15.47,47.516231,14.550072
Austria,Rice,3.7,4.73,47.516231,14.550072
Austria,Soybeans,2.06,0.93,47.516231,14.550072
Austria,Nuts inc. Peanut Butter,7.88,13.95,47.516231,14.550072
Oman,Pork,0.01,0.04,21.512583,55.923255
Oman,Poultry,31.51,33.85,21.512583,55.923255
Oman,Beef,15.1,465.95,21.512583,55.923255
Oman,Lamb & Goat,12.87,450.71,21.512583,55.923255
Oman,Fish,21.56,34.42,21.512583,55.923255
Oman,Eggs,7.8,7.17,21.512583,55.923255
Oman,Milk - inc. cheese,152.28,216.91,21.512583,55.923255
Oman,Wheat and Wheat Products,64.1,12.22,21.512583,55.923255
Oman,Rice,56.55,72.37,21.512583,55.923255
Oman,Soybeans,0.21,0.09,21.512583,55.923255
Oman,Nuts inc. Peanut Butter,1.68,2.97,21.512583,55.923255
Italy,Pork,40.28,142.57,41.87194,12.56738
Italy,Poultry,18.61,19.99,41.87194,12.56738
Italy,Beef,18.6,573.96,41.87194,12.56738
Italy,Lamb & Goat,0.92,32.22,41.87194,12.56738
Italy,Fish,15.6,24.91,41.87194,12.56738
Italy,Eggs,13.34,12.25,41.87194,12.56738
Italy,Milk - inc. cheese,246.88,351.66,41.87194,12.56738
Italy,Wheat and Wheat Products,146.37,27.91,41.87194,12.56738
Italy,Rice,5.74,7.35,41.87194,12.56738
Italy,Soybeans,0.01,0,41.87194,12.56738
Italy,Nuts inc. Peanut Butter,7.63,13.51,41.87194,12.56738
Bahamas,Pork,32.74,115.88,25.03428,-77.39628
Bahamas,Poultry,45.74,49.13,25.03428,-77.39628
Bahamas,Beef,19.92,614.69,25.03428,-77.39628
Bahamas,Lamb & Goat,5.22,182.8,25.03428,-77.39628
Bahamas,Fish,18.8,30.02,25.03428,-77.39628
Bahamas,Eggs,6.2,5.7,25.03428,-77.39628
Bahamas,Milk - inc. cheese,104.76,149.22,25.03428,-77.39628
Bahamas,Wheat and Wheat Products,39.98,7.62,25.03428,-77.39628
Bahamas,Rice,23.97,30.67,25.03428,-77.39628
Bahamas,Soybeans,0.09,0.04,25.03428,-77.39628
Bahamas,Nuts inc. Peanut Butter,4.03,7.13,25.03428,-77.39628
Portugal,Pork,37.91,134.18,39.399872,-8.224454
Portugal,Poultry,30.14,32.38,39.399872,-8.224454
Portugal,Beef,16.45,507.61,39.399872,-8.224454
Portugal,Lamb & Goat,2.38,83.35,39.399872,-8.224454
Portugal,Fish,45.39,72.47,39.399872,-8.224454
Portugal,Eggs,9.05,8.31,39.399872,-8.224454
Portugal,Milk - inc. cheese,205.04,292.06,39.399872,-8.224454
Portugal,Wheat and Wheat Products,94.3,17.98,39.399872,-8.224454
Portugal,Rice,14.86,19.02,39.399872,-8.224454
Portugal,Soybeans,0.01,0,39.399872,-8.224454
Portugal,Nuts inc. Peanut Butter,3.91,6.92,39.399872,-8.224454
Malta,Pork,34.24,121.19,35.937496,14.375416
Malta,Poultry,26.4,28.36,35.937496,14.375416
Malta,Beef,19.22,593.09,35.937496,14.375416
Malta,Lamb & Goat,1.19,41.67,35.937496,14.375416
Malta,Fish,24.58,39.25,35.937496,14.375416
Malta,Eggs,11.64,10.69,35.937496,14.375416
Malta,Milk - inc. cheese,190.06,270.72,35.937496,14.375416
Malta,Wheat and Wheat Products,139.58,26.62,35.937496,14.375416
Malta,Rice,4.96,6.35,35.937496,14.375416
Malta,Soybeans,0.05,0.02,35.937496,14.375416
Malta,Nuts inc. Peanut Butter,5.62,9.95,35.937496,14.375416
Armenia,Pork,9.67,34.23,40.069099,45.038189
Armenia,Poultry,13.35,14.34,40.069099,45.038189
Armenia,Beef,19.66,606.67,40.069099,45.038189
Armenia,Lamb & Goat,3.02,105.76,40.069099,45.038189
Armenia,Fish,4.36,6.96,40.069099,45.038189
Armenia,Eggs,11.69,10.74,40.069099,45.038189
Armenia,Milk - inc. cheese,209.03,297.74,40.069099,45.038189
Armenia,Wheat and Wheat Products,130.6,24.91,40.069099,45.038189
Armenia,Rice,3.18,4.07,40.069099,45.038189
Armenia,Soybeans,0,0,40.069099,45.038189
Armenia,Nuts inc. Peanut Butter,2.55,4.51,40.069099,45.038189
Slovenia,Pork,28.19,99.78,46.151241,14.995463
Slovenia,Poultry,23.46,25.2,46.151241,14.995463
Slovenia,Beef,18.43,568.71,46.151241,14.995463
Slovenia,Lamb & Goat,0.79,27.67,46.151241,14.995463
Slovenia,Fish,7.76,12.39,46.151241,14.995463
Slovenia,Eggs,9.36,8.6,46.151241,14.995463
Slovenia,Milk - inc. cheese,235.01,334.75,46.151241,14.995463
Slovenia,Wheat and Wheat Products,103.43,19.72,46.151241,14.995463
Slovenia,Rice,3.95,5.05,46.151241,14.995463
Slovenia,Soybeans,0.75,0.34,46.151241,14.995463
Slovenia,Nuts inc. Peanut Butter,5.28,9.35,46.151241,14.995463
Chile,Pork,24.68,87.35,-35.675147,-71.542969
Chile,Poultry,36.52,39.23,-35.675147,-71.542969
Chile,Beef,23.86,736.27,-35.675147,-71.542969
Chile,Lamb & Goat,0.42,14.71,-35.675147,-71.542969
Chile,Fish,7.65,12.21,-35.675147,-71.542969
Chile,Eggs,9.97,9.16,-35.675147,-71.542969
Chile,Milk - inc. cheese,116.11,165.39,-35.675147,-71.542969
Chile,Wheat and Wheat Products,104.74,19.97,-35.675147,-71.542969
Chile,Rice,8.85,11.33,-35.675147,-71.542969
Chile,Soybeans,0.04,0.02,-35.675147,-71.542969
Chile,Nuts inc. Peanut Butter,2.22,3.93,-35.675147,-71.542969
Venezuela,Pork,7.23,25.59,6.42375,-66.58973
Venezuela,Poultry,39.28,42.19,6.42375,-66.58973
Venezuela,Beef,25.89,798.91,6.42375,-66.58973
Venezuela,Lamb & Goat,0.32,11.21,6.42375,-66.58973
Venezuela,Fish,8.34,13.32,6.42375,-66.58973
Venezuela,Eggs,5.63,5.17,6.42375,-66.58973
Venezuela,Milk - inc. cheese,117.79,167.78,6.42375,-66.58973
Venezuela,Wheat and Wheat Products,49.17,9.38,6.42375,-66.58973
Venezuela,Rice,23.39,29.93,6.42375,-66.58973
Venezuela,Soybeans,0,0,6.42375,-66.58973
Venezuela,Nuts inc. Peanut Butter,0.35,0.62,6.42375,-66.58973
Belgium,Pork,38.65,136.8,50.503887,4.469936
Belgium,Poultry,12.2,13.11,50.503887,4.469936
Belgium,Beef,15.63,482.31,50.503887,4.469936
Belgium,Lamb & Goat,1.32,46.23,50.503887,4.469936
Belgium,Fish,18.97,30.29,50.503887,4.469936
Belgium,Eggs,12.59,11.57,50.503887,4.469936
Belgium,Milk - inc. cheese,236.19,336.43,50.503887,4.469936
Belgium,Wheat and Wheat Products,111.91,21.34,50.503887,4.469936
Belgium,Rice,8.61,11.02,50.503887,4.469936
Belgium,Soybeans,0.07,0.03,50.503887,4.469936
Belgium,Nuts inc. Peanut Butter,7.32,12.96,50.503887,4.469936
Germany,Pork,51.81,183.38,51.165691,10.451526
Germany,Poultry,17.75,19.07,51.165691,10.451526
Germany,Beef,13.16,406.09,51.165691,10.451526
Germany,Lamb & Goat,0.73,25.56,51.165691,10.451526
Germany,Fish,11.16,17.82,51.165691,10.451526
Germany,Eggs,12.2,11.21,51.165691,10.451526
Germany,Milk - inc. cheese,258.7,368.49,51.165691,10.451526
Germany,Wheat and Wheat Products,83.41,15.91,51.165691,10.451526
Germany,Rice,3.34,4.27,51.165691,10.451526
Germany,Soybeans,0.88,0.4,51.165691,10.451526
Germany,Nuts inc. Peanut Butter,7.96,14.09,51.165691,10.451526
Russia,Pork,25.66,90.82,61.52401,105.318756
Russia,Poultry,27.5,29.54,61.52401,105.318756
Russia,Beef,16.98,523.97,61.52401,105.318756
Russia,Lamb & Goat,1.4,49.03,61.52401,105.318756
Russia,Fish,20.82,33.24,61.52401,105.318756
Russia,Eggs,15.43,14.17,61.52401,105.318756
Russia,Milk - inc. cheese,163.57,232.99,61.52401,105.318756
Russia,Wheat and Wheat Products,130.99,24.98,61.52401,105.318756
Russia,Rice,4.71,6.03,61.52401,105.318756
Russia,Soybeans,0.05,0.02,61.52401,105.318756
Russia,Nuts inc. Peanut Butter,1.62,2.87,61.52401,105.318756
Croatia,Pork,42.79,151.46,45.1,15.2
Croatia,Poultry,8.52,9.15,45.1,15.2
Croatia,Beef,12.41,382.95,45.1,15.2
Croatia,Lamb & Goat,1.71,59.88,45.1,15.2
Croatia,Fish,15.83,25.28,45.1,15.2
Croatia,Eggs,8.48,7.79,45.1,15.2
Croatia,Milk - inc. cheese,231.02,329.06,45.1,15.2
Croatia,Wheat and Wheat Products,106.59,20.33,45.1,15.2
Croatia,Rice,2.64,3.38,45.1,15.2
Croatia,Soybeans,0,0,45.1,15.2
Croatia,Nuts inc. Peanut Butter,3.88,6.87,45.1,15.2
Belarus,Pork,40.37,142.89,53.709807,27.953389
Belarus,Poultry,31.29,33.61,53.709807,27.953389
Belarus,Beef,17.11,527.98,53.709807,27.953389
Belarus,Lamb & Goat,0.11,3.85,53.709807,27.953389
Belarus,Fish,15.75,25.15,53.709807,27.953389
Belarus,Eggs,15.86,14.57,53.709807,27.953389
Belarus,Milk - inc. cheese,133.73,190.49,53.709807,27.953389
Belarus,Wheat and Wheat Products,60.48,11.53,53.709807,27.953389
Belarus,Rice,3.17,4.06,53.709807,27.953389
Belarus,Soybeans,0.3,0.14,53.709807,27.953389
Belarus,Nuts inc. Peanut Butter,3.36,5.95,53.709807,27.953389
Spain,Pork,48.92,173.15,40.463667,-3.74922
Spain,Poultry,28.63,30.75,40.463667,-3.74922
Spain,Beef,12.15,374.92,40.463667,-3.74922
Spain,Lamb & Goat,2.16,75.64,40.463667,-3.74922
Spain,Fish,28.83,46.03,40.463667,-3.74922
Spain,Eggs,13.32,12.24,40.463667,-3.74922
Spain,Milk - inc. cheese,164.29,234.01,40.463667,-3.74922
Spain,Wheat and Wheat Products,93.88,17.9,40.463667,-3.74922
Spain,Rice,8.32,10.65,40.463667,-3.74922
Spain,Soybeans,0.02,0.01,40.463667,-3.74922
Spain,Nuts inc. Peanut Butter,7.44,13.17,40.463667,-3.74922
Paraguay,Pork,26.24,92.88,-23.442503,-58.443832
Paraguay,Poultry,6.39,6.86,-23.442503,-58.443832
Paraguay,Beef,19.81,611.29,-23.442503,-58.443832
Paraguay,Lamb & Goat,0.56,19.61,-23.442503,-58.443832
Paraguay,Fish,3.6,5.75,-23.442503,-58.443832
Paraguay,Eggs,18.83,17.3,-23.442503,-58.443832
Paraguay,Milk - inc. cheese,75.72,107.86,-23.442503,-58.443832
Paraguay,Wheat and Wheat Products,31.51,6.01,-23.442503,-58.443832
Paraguay,Rice,4.91,6.28,-23.442503,-58.443832
Paraguay,Soybeans,0,0,-23.442503,-58.443832
Paraguay,Nuts inc. Peanut Butter,1.6,2.83,-23.442503,-58.443832
New Caledonia,Pork,19.9,70.44,-20.904305,165.618042
New Caledonia,Poultry,44.36,47.65,-20.904305,165.618042
New Caledonia,Beef,16.07,495.89,-20.904305,165.618042
New Caledonia,Lamb & Goat,1.95,68.29,-20.904305,165.618042
New Caledonia,Fish,19.38,30.94,-20.904305,165.618042
New Caledonia,Eggs,8.85,8.13,-20.904305,165.618042
New Caledonia,Milk - inc. cheese,108,153.84,-20.904305,165.618042
New Caledonia,Wheat and Wheat Products,81.75,15.59,-20.904305,165.618042
New Caledonia,Rice,17.47,22.36,-20.904305,165.618042
New Caledonia,Soybeans,0.55,0.25,-20.904305,165.618042
New Caledonia,Nuts inc. Peanut Butter,2.96,5.24,-20.904305,165.618042
South Africa,Pork,4.16,14.72,-30.559482,22.937506
South Africa,Poultry,37.57,40.36,-30.559482,22.937506
South Africa,Beef,18.03,556.37,-30.559482,22.937506
South Africa,Lamb & Goat,4.28,149.89,-30.559482,22.937506
South Africa,Fish,5.56,8.88,-30.559482,22.937506
South Africa,Eggs,7.21,6.62,-30.559482,22.937506
South Africa,Milk - inc. cheese,55.75,79.41,-30.559482,22.937506
South Africa,Wheat and Wheat Products,60.13,11.47,-30.559482,22.937506
South Africa,Rice,17.41,22.28,-30.559482,22.937506
South Africa,Soybeans,1.27,0.57,-30.559482,22.937506
South Africa,Nuts inc. Peanut Butter,1.04,1.84,-30.559482,22.937506
Barbados,Pork,8.3,29.38,13.193887,-59.543198
Barbados,Poultry,42.62,45.78,13.193887,-59.543198
Barbados,Beef,13.13,405.16,13.193887,-59.543198
Barbados,Lamb & Goat,4.08,142.88,13.193887,-59.543198
Barbados,Fish,37.41,59.73,13.193887,-59.543198
Barbados,Eggs,9.61,8.83,13.193887,-59.543198
Barbados,Milk - inc. cheese,110.48,157.37,13.193887,-59.543198
Barbados,Wheat and Wheat Products,65.71,12.53,13.193887,-59.543198
Barbados,Rice,15.66,20.04,13.193887,-59.543198
Barbados,Soybeans,0.1,0.05,13.193887,-59.543198
Barbados,Nuts inc. Peanut Butter,4.16,7.36,13.193887,-59.543198
Lithuania,Pork,45.67,161.65,55.169438,23.881275
Lithuania,Poultry,26.84,28.83,55.169438,23.881275
Lithuania,Beef,4.49,138.55,55.169438,23.881275
Lithuania,Lamb & Goat,0.24,8.4,55.169438,23.881275
Lithuania,Fish,42.39,67.68,55.169438,23.881275
Lithuania,Eggs,13.11,12.04,55.169438,23.881275
Lithuania,Milk - inc. cheese,295.46,420.85,55.169438,23.881275
Lithuania,Wheat and Wheat Products,121.59,23.19,55.169438,23.881275
Lithuania,Rice,3.07,3.93,55.169438,23.881275
Lithuania,Soybeans,0.02,0.01,55.169438,23.881275
Lithuania,Nuts inc. Peanut Butter,2.13,3.77,55.169438,23.881275
Turkey,Pork,0.01,0.04,38.963745,35.243322
Turkey,Poultry,18.78,20.17,38.963745,35.243322
Turkey,Beef,11.64,359.19,38.963745,35.243322
Turkey,Lamb & Goat,4.68,163.89,38.963745,35.243322
Turkey,Fish,5.58,8.91,38.963745,35.243322
Turkey,Eggs,8.2,7.53,38.963745,35.243322
Turkey,Milk - inc. cheese,193.94,276.25,38.963745,35.243322
Turkey,Wheat and Wheat Products,169.96,32.41,38.963745,35.243322
Turkey,Rice,10.74,13.74,38.963745,35.243322
Turkey,Soybeans,1.71,0.77,38.963745,35.243322
Turkey,Nuts inc. Peanut Butter,7.97,14.11,38.963745,35.243322
Estonia,Pork,29.68,105.05,58.595272,25.013607
Estonia,Poultry,21.11,22.68,58.595272,25.013607
Estonia,Beef,7.19,221.87,58.595272,25.013607
Estonia,Lamb & Goat,0.44,15.41,58.595272,25.013607
Estonia,Fish,12.78,20.41,58.595272,25.013607
Estonia,Eggs,12.66,11.63,58.595272,25.013607
Estonia,Milk - inc. cheese,284.85,405.74,58.595272,25.013607
Estonia,Wheat and Wheat Products,89.36,17.04,58.595272,25.013607
Estonia,Rice,2.56,3.28,58.595272,25.013607
Estonia,Soybeans,0.04,0.02,58.595272,25.013607
Estonia,Nuts inc. Peanut Butter,4.29,7.59,58.595272,25.013607
Mexico,Pork,15.23,53.91,23.634501,-102.552784
Mexico,Poultry,30.12,32.35,23.634501,-102.552784
Mexico,Beef,15.33,473.05,23.634501,-102.552784
Mexico,Lamb & Goat,0.89,31.17,23.634501,-102.552784
Mexico,Fish,7.56,12.07,23.634501,-102.552784
Mexico,Eggs,18.34,16.85,23.634501,-102.552784
Mexico,Milk - inc. cheese,111.87,159.35,23.634501,-102.552784
Mexico,Wheat and Wheat Products,35.21,6.71,23.634501,-102.552784
Mexico,Rice,5.64,7.22,23.634501,-102.552784
Mexico,Soybeans,0.02,0.01,23.634501,-102.552784
Mexico,Nuts inc. Peanut Butter,2.51,4.44,23.634501,-102.552784
Costa Rica,Pork,10.28,36.39,9.748917,-83.753428
Costa Rica,Poultry,24.47,26.29,9.748917,-83.753428
Costa Rica,Beef,15.23,469.97,9.748917,-83.753428
Costa Rica,Lamb & Goat,0.02,0.7,9.748917,-83.753428
Costa Rica,Fish,11.32,18.07,9.748917,-83.753428
Costa Rica,Eggs,10.55,9.69,9.748917,-83.753428
Costa Rica,Milk - inc. cheese,183.28,261.06,9.748917,-83.753428
Costa Rica,Wheat and Wheat Products,39.31,7.5,9.748917,-83.753428
Costa Rica,Rice,45.69,58.47,9.748917,-83.753428
Costa Rica,Soybeans,1.54,0.69,9.748917,-83.753428
Costa Rica,Nuts inc. Peanut Butter,1.38,2.44,9.748917,-83.753428
Bolivia,Pork,8.89,31.47,-16.290154,-63.588653
Bolivia,Poultry,34.31,36.86,-16.290154,-63.588653
Bolivia,Beef,19.78,610.37,-16.290154,-63.588653
Bolivia,Lamb & Goat,1.72,60.23,-16.290154,-63.588653
Bolivia,Fish,2.18,3.48,-16.290154,-63.588653
Bolivia,Eggs,5.18,4.76,-16.290154,-63.588653
Bolivia,Milk - inc. cheese,46.04,65.58,-16.290154,-63.588653
Bolivia,Wheat and Wheat Products,49.99,9.53,-16.290154,-63.588653
Bolivia,Rice,26.99,34.54,-16.290154,-63.588653
Bolivia,Soybeans,0.01,0,-16.290154,-63.588653
Bolivia,Nuts inc. Peanut Butter,9.16,16.21,-16.290154,-63.588653
Ecuador,Pork,14.44,51.11,-1.831239,-78.183406
Ecuador,Poultry,21.85,23.47,-1.831239,-78.183406
Ecuador,Beef,16.61,512.55,-1.831239,-78.183406
Ecuador,Lamb & Goat,0.44,15.41,-1.831239,-78.183406
Ecuador,Fish,5.17,8.25,-1.831239,-78.183406
Ecuador,Eggs,8.01,7.36,-1.831239,-78.183406
Ecuador,Milk - inc. cheese,139.6,198.85,-1.831239,-78.183406
Ecuador,Wheat and Wheat Products,39.19,7.47,-1.831239,-78.183406
Ecuador,Rice,45.07,57.68,-1.831239,-78.183406
Ecuador,Soybeans,0,0,-1.831239,-78.183406
Ecuador,Nuts inc. Peanut Butter,0.98,1.73,-1.831239,-78.183406
Panama,Pork,13.48,47.71,8.537981,-80.782127
Panama,Poultry,30.81,33.1,8.537981,-80.782127
Panama,Beef,20.4,629.5,8.537981,-80.782127
Panama,Lamb & Goat,0.01,0.35,8.537981,-80.782127
Panama,Fish,11.05,17.64,8.537981,-80.782127
Panama,Eggs,4.53,4.16,8.537981,-80.782127
Panama,Milk - inc. cheese,70.29,100.12,8.537981,-80.782127
Panama,Wheat and Wheat Products,38.96,7.43,8.537981,-80.782127
Panama,Rice,66.42,85,8.537981,-80.782127
Panama,Soybeans,3.53,1.59,8.537981,-80.782127
Panama,Nuts inc. Peanut Butter,1.05,1.86,8.537981,-80.782127
Czech Republic,Pork,41.17,145.72,49.817492,15.472962
Czech Republic,Poultry,19.09,20.51,49.817492,15.472962
Czech Republic,Beef,8.15,251.49,49.817492,15.472962
Czech Republic,Lamb & Goat,0.34,11.91,49.817492,15.472962
Czech Republic,Fish,8.25,13.17,49.817492,15.472962
Czech Republic,Eggs,11.66,10.71,49.817492,15.472962
Czech Republic,Milk - inc. cheese,195.2,278.04,49.817492,15.472962
Czech Republic,Wheat and Wheat Products,92.67,17.67,49.817492,15.472962
Czech Republic,Rice,4.79,6.13,49.817492,15.472962
Czech Republic,Soybeans,0.82,0.37,49.817492,15.472962
Czech Republic,Nuts inc. Peanut Butter,2.47,4.37,49.817492,15.472962
Romania,Pork,25.31,89.58,45.943161,24.96676
Romania,Poultry,15.38,16.52,45.943161,24.96676
Romania,Beef,4.78,147.5,45.943161,24.96676
Romania,Lamb & Goat,3.41,119.42,45.943161,24.96676
Romania,Fish,6.07,9.69,45.943161,24.96676
Romania,Eggs,12.94,11.89,45.943161,24.96676
Romania,Milk - inc. cheese,238.33,339.48,45.943161,24.96676
Romania,Wheat and Wheat Products,134.87,25.72,45.943161,24.96676
Romania,Rice,2.59,3.31,45.943161,24.96676
Romania,Soybeans,0.01,0,45.943161,24.96676
Romania,Nuts inc. Peanut Butter,1.8,3.19,45.943161,24.96676
Colombia,Pork,6.51,23.04,4.570868,-74.297333
Colombia,Poultry,27.57,29.62,4.570868,-74.297333
Colombia,Beef,16.36,504.84,4.570868,-74.297333
Colombia,Lamb & Goat,0.21,7.35,4.570868,-74.297333
Colombia,Fish,6.01,9.6,4.570868,-74.297333
Colombia,Eggs,10.78,9.9,4.570868,-74.297333
Colombia,Milk - inc. cheese,108.47,154.5,4.570868,-74.297333
Colombia,Wheat and Wheat Products,29.79,5.68,4.570868,-74.297333
Colombia,Rice,28.02,35.86,4.570868,-74.297333
Colombia,Soybeans,0.89,0.4,4.570868,-74.297333
Colombia,Nuts inc. Peanut Butter,0.42,0.74,4.570868,-74.297333
Maldives,Pork,1.22,4.32,3.202778,73.22068
Maldives,Poultry,18.47,19.84,3.202778,73.22068
Maldives,Beef,9.44,291.3,3.202778,73.22068
Maldives,Lamb & Goat,0.7,24.51,3.202778,73.22068
Maldives,Fish,179.71,286.94,3.202778,73.22068
Maldives,Eggs,10.79,9.91,3.202778,73.22068
Maldives,Milk - inc. cheese,111.47,158.78,3.202778,73.22068
Maldives,Wheat and Wheat Products,77.77,14.83,3.202778,73.22068
Maldives,Rice,50.73,64.92,3.202778,73.22068
Maldives,Soybeans,0.2,0.09,3.202778,73.22068
Maldives,Nuts inc. Peanut Butter,15.83,28.02,3.202778,73.22068
Cyprus,Pork,38.38,135.85,35.126413,33.429859
Cyprus,Poultry,24.45,26.26,35.126413,33.429859
Cyprus,Beef,5.79,178.67,35.126413,33.429859
Cyprus,Lamb & Goat,5.05,176.85,35.126413,33.429859
Cyprus,Fish,14.86,23.73,35.126413,33.429859
Cyprus,Eggs,8.98,8.25,35.126413,33.429859
Cyprus,Milk - inc. cheese,113.31,161.4,35.126413,33.429859
Cyprus,Wheat and Wheat Products,83.25,15.88,35.126413,33.429859
Cyprus,Rice,4.94,6.32,35.126413,33.429859
Cyprus,Soybeans,0.04,0.02,35.126413,33.429859
Cyprus,Nuts inc. Peanut Butter,4.6,8.14,35.126413,33.429859
Serbia,Pork,32.04,113.41,44.016521,21.005859
Serbia,Poultry,10.64,11.43,44.016521,21.005859
Serbia,Beef,7.05,217.55,44.016521,21.005859
Serbia,Lamb & Goat,3.56,124.67,44.016521,21.005859
Serbia,Fish,5.59,8.93,44.016521,21.005859
Serbia,Eggs,8.89,8.17,44.016521,21.005859
Serbia,Milk - inc. cheese,148.53,211.57,44.016521,21.005859
Serbia,Wheat and Wheat Products,105.88,20.19,44.016521,21.005859
Serbia,Rice,1.22,1.56,44.016521,21.005859
Serbia,Soybeans,0,0,44.016521,21.005859
Serbia,Nuts inc. Peanut Butter,3.31,5.86,44.016521,21.005859
United Arab Emirates,Pork,0,0,23.424076,53.847818
United Arab Emirates,Poultry,41.04,44.09,23.424076,53.847818
United Arab Emirates,Beef,5.64,174.04,23.424076,53.847818
United Arab Emirates,Lamb & Goat,9.08,317.98,23.424076,53.847818
United Arab Emirates,Fish,20.41,32.59,23.424076,53.847818
United Arab Emirates,Eggs,8.23,7.56,23.424076,53.847818
United Arab Emirates,Milk - inc. cheese,132.66,188.96,23.424076,53.847818
United Arab Emirates,Wheat and Wheat Products,101.29,19.32,23.424076,53.847818
United Arab Emirates,Rice,56.25,71.98,23.424076,53.847818
United Arab Emirates,Soybeans,0.08,0.04,23.424076,53.847818
United Arab Emirates,Nuts inc. Peanut Butter,23.03,40.76,23.424076,53.847818
Algeria,Pork,0,0,28.033886,1.659626
Algeria,Poultry,7.42,7.97,28.033886,1.659626
Algeria,Beef,5.6,172.8,28.033886,1.659626
Algeria,Lamb & Goat,7.69,269.3,28.033886,1.659626
Algeria,Fish,3.74,5.97,28.033886,1.659626
Algeria,Eggs,8.06,7.4,28.033886,1.659626
Algeria,Milk - inc. cheese,141.53,201.6,28.033886,1.659626
Algeria,Wheat and Wheat Products,185.42,35.36,28.033886,1.659626
Algeria,Rice,2.97,3.8,28.033886,1.659626
Algeria,Soybeans,0,0,28.033886,1.659626
Algeria,Nuts inc. Peanut Butter,2.08,3.68,28.033886,1.659626
Ukraine,Pork,20.56,72.77,48.379433,31.16558
Ukraine,Poultry,24.23,26.03,48.379433,31.16558
Ukraine,Beef,8.96,276.49,48.379433,31.16558
Ukraine,Lamb & Goat,0.41,14.36,48.379433,31.16558
Ukraine,Fish,15.23,24.32,48.379433,31.16558
Ukraine,Eggs,18.01,16.54,48.379433,31.16558
Ukraine,Milk - inc. cheese,145.03,206.58,48.379433,31.16558
Ukraine,Wheat and Wheat Products,105.15,20.05,48.379433,31.16558
Ukraine,Rice,3,3.84,48.379433,31.16558
Ukraine,Soybeans,0.02,0.01,48.379433,31.16558
Ukraine,Nuts inc. Peanut Butter,2.68,4.74,48.379433,31.16558
Pakistan,Pork,0,0,30.375321,69.345116
Pakistan,Poultry,5.01,5.38,30.375321,69.345116
Pakistan,Beef,8.82,272.17,30.375321,69.345116
Pakistan,Lamb & Goat,2.46,86.15,30.375321,69.345116
Pakistan,Fish,1.87,2.99,30.375321,69.345116
Pakistan,Eggs,2.95,2.71,30.375321,69.345116
Pakistan,Milk - inc. cheese,183.13,260.85,30.375321,69.345116
Pakistan,Wheat and Wheat Products,113.63,21.67,30.375321,69.345116
Pakistan,Rice,12.25,15.68,30.375321,69.345116
Pakistan,Soybeans,0,0,30.375321,69.345116
Pakistan,Nuts inc. Peanut Butter,0.83,1.47,30.375321,69.345116
Swaziland,Pork,2.43,8.6,-26.522503,31.465866
Swaziland,Poultry,6.18,6.64,-26.522503,31.465866
Swaziland,Beef,15.1,465.95,-26.522503,31.465866
Swaziland,Lamb & Goat,1.94,67.94,-26.522503,31.465866
Swaziland,Fish,1.26,2.01,-26.522503,31.465866
Swaziland,Eggs,1.5,1.38,-26.522503,31.465866
Swaziland,Milk - inc. cheese,56.6,80.62,-26.522503,31.465866
Swaziland,Wheat and Wheat Products,37.15,7.08,-26.522503,31.465866
Swaziland,Rice,21.15,27.07,-26.522503,31.465866
Swaziland,Soybeans,0.55,0.25,-26.522503,31.465866
Swaziland,Nuts inc. Peanut Butter,6.44,11.4,-26.522503,31.465866
Latvia,Pork,34.96,123.74,56.879635,24.603189
Latvia,Poultry,20.53,22.05,56.879635,24.603189
Latvia,Beef,5.11,157.68,56.879635,24.603189
Latvia,Lamb & Goat,0.34,11.91,56.879635,24.603189
Latvia,Fish,21.3,34.01,56.879635,24.603189
Latvia,Eggs,14.03,12.89,56.879635,24.603189
Latvia,Milk - inc. cheese,174.11,248,56.879635,24.603189
Latvia,Wheat and Wheat Products,72.13,13.76,56.879635,24.603189
Latvia,Rice,2.21,2.83,56.879635,24.603189
Latvia,Soybeans,0.04,0.02,56.879635,24.603189
Latvia,Nuts inc. Peanut Butter,3.78,6.69,56.879635,24.603189
Bosnia and Herzegovina,Pork,9.38,33.2,43.915886,17.679076
Bosnia and Herzegovina,Poultry,13.17,14.15,43.915886,17.679076
Bosnia and Herzegovina,Beef,9.12,281.42,43.915886,17.679076
Bosnia and Herzegovina,Lamb & Goat,0.47,16.46,43.915886,17.679076
Bosnia and Herzegovina,Fish,4.06,6.48,43.915886,17.679076
Bosnia and Herzegovina,Eggs,4.49,4.12,43.915886,17.679076
Bosnia and Herzegovina,Milk - inc. cheese,174.03,247.89,43.915886,17.679076
Bosnia and Herzegovina,Wheat and Wheat Products,93.56,17.84,43.915886,17.679076
Bosnia and Herzegovina,Rice,1.88,2.41,43.915886,17.679076
Bosnia and Herzegovina,Soybeans,1.48,0.67,43.915886,17.679076
Bosnia and Herzegovina,Nuts inc. Peanut Butter,2,3.54,43.915886,17.679076
Fiji,Pork,4.31,15.26,-16.578193,179.414413
Fiji,Poultry,20.26,21.76,-16.578193,179.414413
Fiji,Beef,8.96,276.49,-16.578193,179.414413
Fiji,Lamb & Goat,5.9,206.62,-16.578193,179.414413
Fiji,Fish,35.01,55.9,-16.578193,179.414413
Fiji,Eggs,6.44,5.92,-16.578193,179.414413
Fiji,Milk - inc. cheese,40.2,57.26,-16.578193,179.414413
Fiji,Wheat and Wheat Products,84.22,16.06,-16.578193,179.414413
Fiji,Rice,45.62,58.38,-16.578193,179.414413
Fiji,Soybeans,0.3,0.14,-16.578193,179.414413
Fiji,Nuts inc. Peanut Butter,1.3,2.3,-16.578193,179.414413
South Korea,Pork,32.76,115.95,35.907757,127.766922
South Korea,Poultry,16,17.19,35.907757,127.766922
South Korea,Beef,14.53,448.37,35.907757,127.766922
South Korea,Lamb & Goat,0.14,4.9,35.907757,127.766922
South Korea,Fish,33.09,52.83,35.907757,127.766922
South Korea,Eggs,11.24,10.33,35.907757,127.766922
South Korea,Milk - inc. cheese,29.05,41.38,35.907757,127.766922
South Korea,Wheat and Wheat Products,50.84,9.7,35.907757,127.766922
South Korea,Rice,85.18,109,35.907757,127.766922
South Korea,Soybeans,8.35,3.76,35.907757,127.766922
South Korea,Nuts inc. Peanut Butter,4.88,8.64,35.907757,127.766922
Poland,Pork,46.19,163.49,51.919438,19.145136
Poland,Poultry,27.41,29.44,51.919438,19.145136
Poland,Beef,2.32,71.59,51.919438,19.145136
Poland,Lamb & Goat,0.02,0.7,51.919438,19.145136
Poland,Fish,10.49,16.75,51.919438,19.145136
Poland,Eggs,7.53,6.92,51.919438,19.145136
Poland,Milk - inc. cheese,205.39,292.56,51.919438,19.145136
Poland,Wheat and Wheat Products,108.83,20.75,51.919438,19.145136
Poland,Rice,0.95,1.22,51.919438,19.145136
Poland,Soybeans,0.06,0.03,51.919438,19.145136
Poland,Nuts inc. Peanut Butter,2.23,3.95,51.919438,19.145136
Saudi Arabia,Pork,0,0,23.885942,45.079162
Saudi Arabia,Poultry,49.05,52.69,23.885942,45.079162
Saudi Arabia,Beef,6.45,199.03,23.885942,45.079162
Saudi Arabia,Lamb & Goat,6.54,229.03,23.885942,45.079162
Saudi Arabia,Fish,11.99,19.14,23.885942,45.079162
Saudi Arabia,Eggs,5.37,4.93,23.885942,45.079162
Saudi Arabia,Milk - inc. cheese,83.65,119.15,23.885942,45.079162
Saudi Arabia,Wheat and Wheat Products,89.47,17.06,23.885942,45.079162
Saudi Arabia,Rice,36.02,46.09,23.885942,45.079162
Saudi Arabia,Soybeans,0.05,0.02,23.885942,45.079162
Saudi Arabia,Nuts inc. Peanut Butter,3.23,5.72,23.885942,45.079162
Botswana,Pork,0.74,2.62,-22.328474,24.684866
Botswana,Poultry,5.33,5.73,-22.328474,24.684866
Botswana,Beef,7.85,242.23,-22.328474,24.684866
Botswana,Lamb & Goat,3.76,131.67,-22.328474,24.684866
Botswana,Fish,3.98,6.35,-22.328474,24.684866
Botswana,Eggs,1.95,1.79,-22.328474,24.684866
Botswana,Milk - inc. cheese,117.74,167.71,-22.328474,24.684866
Botswana,Wheat and Wheat Products,38.2,7.28,-22.328474,24.684866
Botswana,Rice,7.06,9.03,-22.328474,24.684866
Botswana,Soybeans,1.16,0.52,-22.328474,24.684866
Botswana,Nuts inc. Peanut Butter,1.08,1.91,-22.328474,24.684866
Hungary,Pork,34.93,123.63,47.162494,19.503304
Hungary,Poultry,23.78,25.54,47.162494,19.503304
Hungary,Beef,4.96,153.06,47.162494,19.503304
Hungary,Lamb & Goat,0.11,3.85,47.162494,19.503304
Hungary,Fish,4.93,7.87,47.162494,19.503304
Hungary,Eggs,12.45,11.44,47.162494,19.503304
Hungary,Milk - inc. cheese,159.05,226.55,47.162494,19.503304
Hungary,Wheat and Wheat Products,109.98,20.97,47.162494,19.503304
Hungary,Rice,2.15,2.75,47.162494,19.503304
Hungary,Soybeans,0.01,0,47.162494,19.503304
Hungary,Nuts inc. Peanut Butter,0.64,1.13,47.162494,19.503304
Trinidad and Tobago,Pork,8.92,31.57,10.691803,-61.222503
Trinidad and Tobago,Poultry,58.27,62.59,10.691803,-61.222503
Trinidad and Tobago,Beef,6.13,189.16,10.691803,-61.222503
Trinidad and Tobago,Lamb & Goat,2.79,97.71,10.691803,-61.222503
Trinidad and Tobago,Fish,20.54,32.8,10.691803,-61.222503
Trinidad and Tobago,Eggs,4.2,3.86,10.691803,-61.222503
Trinidad and Tobago,Milk - inc. cheese,103.8,147.85,10.691803,-61.222503
Trinidad and Tobago,Wheat and Wheat Products,90.17,17.2,10.691803,-61.222503
Trinidad and Tobago,Rice,16.38,20.96,10.691803,-61.222503
Trinidad and Tobago,Soybeans,0.04,0.02,10.691803,-61.222503
Trinidad and Tobago,Nuts inc. Peanut Butter,3.78,6.69,10.691803,-61.222503
Tunisia,Pork,0,0,33.886917,9.537499
Tunisia,Poultry,18.5,19.87,33.886917,9.537499
Tunisia,Beef,5.53,170.64,33.886917,9.537499
Tunisia,Lamb & Goat,5.34,187.01,33.886917,9.537499
Tunisia,Fish,12.63,20.17,33.886917,9.537499
Tunisia,Eggs,7.67,7.05,33.886917,9.537499
Tunisia,Milk - inc. cheese,114.47,163.05,33.886917,9.537499
Tunisia,Wheat and Wheat Products,197.5,37.66,33.886917,9.537499
Tunisia,Rice,1.07,1.37,33.886917,9.537499
Tunisia,Soybeans,1.88,0.85,33.886917,9.537499
Tunisia,Nuts inc. Peanut Butter,6.34,11.22,33.886917,9.537499
Egypt,Pork,0.02,0.07,26.820553,30.802498
Egypt,Poultry,14.43,15.5,26.820553,30.802498
Egypt,Beef,12.88,397.45,26.820553,30.802498
Egypt,Lamb & Goat,1.58,55.33,26.820553,30.802498
Egypt,Fish,21.46,34.26,26.820553,30.802498
Egypt,Eggs,4.59,4.22,26.820553,30.802498
Egypt,Milk - inc. cheese,59.46,84.69,26.820553,30.802498
Egypt,Wheat and Wheat Products,146.83,28,26.820553,30.802498
Egypt,Rice,39.77,50.89,26.820553,30.802498
Egypt,Soybeans,0.64,0.29,26.820553,30.802498
Egypt,Nuts inc. Peanut Butter,1.82,3.22,26.820553,30.802498
Mauritius,Pork,4.08,14.44,-20.348404,57.552152
Mauritius,Poultry,38.51,41.37,-20.348404,57.552152
Mauritius,Beef,5.99,184.84,-20.348404,57.552152
Mauritius,Lamb & Goat,4.08,142.88,-20.348404,57.552152
Mauritius,Fish,19.66,31.39,-20.348404,57.552152
Mauritius,Eggs,6.32,5.81,-20.348404,57.552152
Mauritius,Milk - inc. cheese,117.27,167.04,-20.348404,57.552152
Mauritius,Wheat and Wheat Products,114.02,21.74,-20.348404,57.552152
Mauritius,Rice,45.56,58.3,-20.348404,57.552152
Mauritius,Soybeans,0.3,0.14,-20.348404,57.552152
Mauritius,Nuts inc. Peanut Butter,2.33,4.12,-20.348404,57.552152
Bulgaria,Pork,26.26,92.95,42.733883,25.48583
Bulgaria,Poultry,20.68,22.21,42.733883,25.48583
Bulgaria,Beef,3.84,118.49,42.733883,25.48583
Bulgaria,Lamb & Goat,1.63,57.08,42.733883,25.48583
Bulgaria,Fish,6.24,9.96,42.733883,25.48583
Bulgaria,Eggs,8.36,7.68,42.733883,25.48583
Bulgaria,Milk - inc. cheese,155.71,221.79,42.733883,25.48583
Bulgaria,Wheat and Wheat Products,121.17,23.11,42.733883,25.48583
Bulgaria,Rice,2.24,2.87,42.733883,25.48583
Bulgaria,Soybeans,0.04,0.02,42.733883,25.48583
Bulgaria,Nuts inc. Peanut Butter,2.26,4,42.733883,25.48583
Morocco,Pork,0.01,0.04,31.791702,-7.09262
Morocco,Poultry,20.77,22.31,31.791702,-7.09262
Morocco,Beef,8.04,248.1,31.791702,-7.09262
Morocco,Lamb & Goat,4.36,152.69,31.791702,-7.09262
Morocco,Fish,17.44,27.85,31.791702,-7.09262
Morocco,Eggs,6.68,6.14,31.791702,-7.09262
Morocco,Milk - inc. cheese,54.68,77.89,31.791702,-7.09262
Morocco,Wheat and Wheat Products,179.7,34.27,31.791702,-7.09262
Morocco,Rice,1.1,1.41,31.791702,-7.09262
Morocco,Soybeans,0,0,31.791702,-7.09262
Morocco,Nuts inc. Peanut Butter,3.23,5.72,31.791702,-7.09262
Slovakia,Pork,31.78,112.49,48.669026,19.699024
Slovakia,Poultry,15.13,16.25,48.669026,19.699024
Slovakia,Beef,5.19,160.15,48.669026,19.699024
Slovakia,Lamb & Goat,0.16,5.6,48.669026,19.699024
Slovakia,Fish,8.39,13.4,48.669026,19.699024
Slovakia,Eggs,16.05,14.74,48.669026,19.699024
Slovakia,Milk - inc. cheese,143.14,203.89,48.669026,19.699024
Slovakia,Wheat and Wheat Products,123.62,23.57,48.669026,19.699024
Slovakia,Rice,2.88,3.69,48.669026,19.699024
Slovakia,Soybeans,0.02,0.01,48.669026,19.699024
Slovakia,Nuts inc. Peanut Butter,3.7,6.55,48.669026,19.699024
Niger,Pork,0.09,0.32,17.607789,8.081666
Niger,Poultry,1.08,1.16,17.607789,8.081666
Niger,Beef,8.97,276.8,17.607789,8.081666
Niger,Lamb & Goat,4.17,146.03,17.607789,8.081666
Niger,Fish,2.7,4.31,17.607789,8.081666
Niger,Eggs,0.3,0.28,17.607789,8.081666
Niger,Milk - inc. cheese,58.92,83.93,17.607789,8.081666
Niger,Wheat and Wheat Products,4.79,0.91,17.607789,8.081666
Niger,Rice,13.17,16.85,17.607789,8.081666
Niger,Soybeans,0,0,17.607789,8.081666
Niger,Nuts inc. Peanut Butter,6.95,12.3,17.607789,8.081666
Kenya,Pork,0.29,1.03,-0.023559,37.906193
Kenya,Poultry,0.47,0.5,-0.023559,37.906193
Kenya,Beef,9.54,294.38,-0.023559,37.906193
Kenya,Lamb & Goat,1.86,65.14,-0.023559,37.906193
Kenya,Fish,4.27,6.82,-0.023559,37.906193
Kenya,Eggs,1.84,1.69,-0.023559,37.906193
Kenya,Milk - inc. cheese,94.86,135.12,-0.023559,37.906193
Kenya,Wheat and Wheat Products,34.65,6.61,-0.023559,37.906193
Kenya,Rice,12.94,16.56,-0.023559,37.906193
Kenya,Soybeans,0.2,0.09,-0.023559,37.906193
Kenya,Nuts inc. Peanut Butter,1.64,2.9,-0.023559,37.906193
Jordan,Pork,0.02,0.07,30.585164,36.238414
Jordan,Poultry,33.39,35.87,30.585164,36.238414
Jordan,Beef,5.61,173.11,30.585164,36.238414
Jordan,Lamb & Goat,5.68,198.91,30.585164,36.238414
Jordan,Fish,5.13,8.19,30.585164,36.238414
Jordan,Eggs,3.92,3.6,30.585164,36.238414
Jordan,Milk - inc. cheese,77.68,110.65,30.585164,36.238414
Jordan,Wheat and Wheat Products,136.74,26.08,30.585164,36.238414
Jordan,Rice,19.67,25.17,30.585164,36.238414
Jordan,Soybeans,0.02,0.01,30.585164,36.238414
Jordan,Nuts inc. Peanut Butter,3.56,6.3,30.585164,36.238414
Japan,Pork,20.62,72.98,36.204824,138.252924
Japan,Poultry,19.42,20.86,36.204824,138.252924
Japan,Beef,9.15,282.35,36.204824,138.252924
Japan,Lamb & Goat,0.14,4.9,36.204824,138.252924
Japan,Fish,31.1,49.66,36.204824,138.252924
Japan,Eggs,19.15,17.59,36.204824,138.252924
Japan,Milk - inc. cheese,72.06,102.64,36.204824,138.252924
Japan,Wheat and Wheat Products,45.04,8.59,36.204824,138.252924
Japan,Rice,59.85,76.59,36.204824,138.252924
Japan,Soybeans,7.34,3.3,36.204824,138.252924
Japan,Nuts inc. Peanut Butter,2.59,4.58,36.204824,138.252924
Georgia,Pork,8.93,31.61,42.315407,43.356892
Georgia,Poultry,12.28,13.19,42.315407,43.356892
Georgia,Beef,6.04,186.38,42.315407,43.356892
Georgia,Lamb & Goat,0.63,22.06,42.315407,43.356892
Georgia,Fish,10.42,16.64,42.315407,43.356892
Georgia,Eggs,6.12,5.62,42.315407,43.356892
Georgia,Milk - inc. cheese,149.26,212.61,42.315407,43.356892
Georgia,Wheat and Wheat Products,163.43,31.17,42.315407,43.356892
Georgia,Rice,2.64,3.38,42.315407,43.356892
Georgia,Soybeans,0,0,42.315407,43.356892
Georgia,Nuts inc. Peanut Butter,2.47,4.37,42.315407,43.356892
Grenada,Pork,11.52,40.78,12.262776,-61.604171
Grenada,Poultry,43.51,46.74,12.262776,-61.604171
Grenada,Beef,3.46,106.77,12.262776,-61.604171
Grenada,Lamb & Goat,1.25,43.77,12.262776,-61.604171
Grenada,Fish,27.95,44.63,12.262776,-61.604171
Grenada,Eggs,10.34,9.5,12.262776,-61.604171
Grenada,Milk - inc. cheese,86.88,123.75,12.262776,-61.604171
Grenada,Wheat and Wheat Products,59.59,11.36,12.262776,-61.604171
Grenada,Rice,9.56,12.23,12.262776,-61.604171
Grenada,Soybeans,0.01,0,12.262776,-61.604171
Grenada,Nuts inc. Peanut Butter,0.18,0.32,12.262776,-61.604171
El Salvador,Pork,3.23,11.43,13.794185,-88.89653
El Salvador,Poultry,19.84,21.31,13.794185,-88.89653
El Salvador,Beef,5.95,183.6,13.794185,-88.89653
El Salvador,Lamb & Goat,0.02,0.7,13.794185,-88.89653
El Salvador,Fish,6.25,9.98,13.794185,-88.89653
El Salvador,Eggs,9.51,8.74,13.794185,-88.89653
El Salvador,Milk - inc. cheese,124.34,177.11,13.794185,-88.89653
El Salvador,Wheat and Wheat Products,28.19,5.38,13.794185,-88.89653
El Salvador,Rice,10.53,13.48,13.794185,-88.89653
El Salvador,Soybeans,0.8,0.36,13.794185,-88.89653
El Salvador,Nuts inc. Peanut Butter,1.1,1.95,13.794185,-88.89653
Cuba,Pork,19.82,70.15,21.521757,-77.781167
Cuba,Poultry,20.15,21.65,21.521757,-77.781167
Cuba,Beef,6.39,197.18,21.521757,-77.781167
Cuba,Lamb & Goat,1.24,43.42,21.521757,-77.781167
Cuba,Fish,4.76,7.6,21.521757,-77.781167
Cuba,Eggs,9.82,9.02,21.521757,-77.781167
Cuba,Milk - inc. cheese,99.94,142.35,21.521757,-77.781167
Cuba,Wheat and Wheat Products,54.62,10.42,21.521757,-77.781167
Cuba,Rice,67.7,86.64,21.521757,-77.781167
Cuba,Soybeans,6.34,2.85,21.521757,-77.781167
Cuba,Nuts inc. Peanut Butter,0.23,0.41,21.521757,-77.781167
China,Pork,38.43,136.02,35.86166,104.195397
China,Poultry,13.2,14.18,35.86166,104.195397
China,Beef,5.12,157.99,35.86166,104.195397
China,Lamb & Goat,3.13,109.61,35.86166,104.195397
China,Fish,21.01,33.55,35.86166,104.195397
China,Eggs,18.76,17.23,35.86166,104.195397
China,Milk - inc. cheese,32.66,46.52,35.86166,104.195397
China,Wheat and Wheat Products,63.36,12.08,35.86166,104.195397
China,Rice,78.18,100.05,35.86166,104.195397
China,Soybeans,3.66,1.65,35.86166,104.195397
China,Nuts inc. Peanut Butter,6.39,11.31,35.86166,104.195397
Honduras,Pork,6.48,22.94,15.199999,-86.241905
Honduras,Poultry,20.29,21.8,15.199999,-86.241905
Honduras,Beef,7.19,221.87,15.199999,-86.241905
Honduras,Lamb & Goat,0.04,1.4,15.199999,-86.241905
Honduras,Fish,2.7,4.31,15.199999,-86.241905
Honduras,Eggs,5.19,4.77,15.199999,-86.241905
Honduras,Milk - inc. cheese,91.33,130.09,15.199999,-86.241905
Honduras,Wheat and Wheat Products,37.36,7.12,15.199999,-86.241905
Honduras,Rice,14.42,18.45,15.199999,-86.241905
Honduras,Soybeans,0.01,0,15.199999,-86.241905
Honduras,Nuts inc. Peanut Butter,0.75,1.33,15.199999,-86.241905
Angola,Pork,8.89,31.47,-11.202692,17.873887
Angola,Poultry,17.33,18.62,-11.202692,17.873887
Angola,Beef,8.42,259.82,-11.202692,17.873887
Angola,Lamb & Goat,1.08,37.82,-11.202692,17.873887
Angola,Fish,15.24,24.33,-11.202692,17.873887
Angola,Eggs,1.11,1.02,-11.202692,17.873887
Angola,Milk - inc. cheese,12.3,17.52,-11.202692,17.873887
Angola,Wheat and Wheat Products,40.72,7.77,-11.202692,17.873887
Angola,Rice,8.12,10.39,-11.202692,17.873887
Angola,Soybeans,0.52,0.23,-11.202692,17.873887
Angola,Nuts inc. Peanut Butter,2.26,4,-11.202692,17.873887
Jamaica,Pork,3.99,14.12,18.109581,-77.297508
Jamaica,Poultry,52.51,56.41,18.109581,-77.297508
Jamaica,Beef,3.97,122.51,18.109581,-77.297508
Jamaica,Lamb & Goat,1.26,44.13,18.109581,-77.297508
Jamaica,Fish,21.95,35.05,18.109581,-77.297508
Jamaica,Eggs,2.27,2.09,18.109581,-77.297508
Jamaica,Milk - inc. cheese,91.13,129.81,18.109581,-77.297508
Jamaica,Wheat and Wheat Products,70.67,13.48,18.109581,-77.297508
Jamaica,Rice,23.45,30.01,18.109581,-77.297508
Jamaica,Soybeans,0,0,18.109581,-77.297508
Jamaica,Nuts inc. Peanut Butter,1.82,3.22,18.109581,-77.297508
Namibia,Pork,4.21,14.9,-22.95764,18.49041
Namibia,Poultry,12.19,13.09,-22.95764,18.49041
Namibia,Beef,3.75,115.72,-22.95764,18.49041
Namibia,Lamb & Goat,2.27,79.5,-22.95764,18.49041
Namibia,Fish,10.7,17.08,-22.95764,18.49041
Namibia,Eggs,1.63,1.5,-22.95764,18.49041
Namibia,Milk - inc. cheese,73.05,104.05,-22.95764,18.49041
Namibia,Wheat and Wheat Products,36.26,6.91,-22.95764,18.49041
Namibia,Rice,6.31,8.07,-22.95764,18.49041
Namibia,Soybeans,0.07,0.03,-22.95764,18.49041
Namibia,Nuts inc. Peanut Butter,0.71,1.26,-22.95764,18.49041
Belize,Pork,16.8,59.46,17.189877,-88.49765
Belize,Poultry,28.31,30.41,17.189877,-88.49765
Belize,Beef,4.86,149.97,17.189877,-88.49765
Belize,Lamb & Goat,0.14,4.9,17.189877,-88.49765
Belize,Fish,7.57,12.09,17.189877,-88.49765
Belize,Eggs,4.85,4.46,17.189877,-88.49765
Belize,Milk - inc. cheese,80.3,114.38,17.189877,-88.49765
Belize,Wheat and Wheat Products,54.06,10.31,17.189877,-88.49765
Belize,Rice,28.42,36.37,17.189877,-88.49765
Belize,Soybeans,1.88,0.85,17.189877,-88.49765
Belize,Nuts inc. Peanut Butter,5.58,9.88,17.189877,-88.49765
Malaysia,Pork,7.76,27.47,4.210484,101.975766
Malaysia,Poultry,41.01,44.05,4.210484,101.975766
Malaysia,Beef,6.52,201.19,4.210484,101.975766
Malaysia,Lamb & Goat,0.94,32.92,4.210484,101.975766
Malaysia,Fish,49.43,78.92,4.210484,101.975766
Malaysia,Eggs,16.57,15.22,4.210484,101.975766
Malaysia,Milk - inc. cheese,25.28,36.01,4.210484,101.975766
Malaysia,Wheat and Wheat Products,51.04,9.73,4.210484,101.975766
Malaysia,Rice,81.25,103.98,4.210484,101.975766
Malaysia,Soybeans,0.04,0.02,4.210484,101.975766
Malaysia,Nuts inc. Peanut Butter,2.9,5.13,4.210484,101.975766
Zimbabwe,Pork,2.65,9.38,-19.015438,29.154857
Zimbabwe,Poultry,4.97,5.34,-19.015438,29.154857
Zimbabwe,Beef,7.37,227.42,-19.015438,29.154857
Zimbabwe,Lamb & Goat,0.96,33.62,-19.015438,29.154857
Zimbabwe,Fish,2.8,4.47,-19.015438,29.154857
Zimbabwe,Eggs,1.75,1.61,-19.015438,29.154857
Zimbabwe,Milk - inc. cheese,31.9,45.44,-19.015438,29.154857
Zimbabwe,Wheat and Wheat Products,31.31,5.97,-19.015438,29.154857
Zimbabwe,Rice,10.09,12.91,-19.015438,29.154857
Zimbabwe,Soybeans,0.54,0.24,-19.015438,29.154857
Zimbabwe,Nuts inc. Peanut Butter,2.22,3.93,-19.015438,29.154857
Guatemala,Pork,4.85,17.17,15.783471,-90.230759
Guatemala,Poultry,16.45,17.67,15.783471,-90.230759
Guatemala,Beef,5.6,172.8,15.783471,-90.230759
Guatemala,Lamb & Goat,0.23,8.05,15.783471,-90.230759
Guatemala,Fish,1.08,1.72,15.783471,-90.230759
Guatemala,Eggs,14.61,13.42,15.783471,-90.230759
Guatemala,Milk - inc. cheese,46.6,66.38,15.783471,-90.230759
Guatemala,Wheat and Wheat Products,35.9,6.85,15.783471,-90.230759
Guatemala,Rice,5.66,7.24,15.783471,-90.230759
Guatemala,Soybeans,0.32,0.14,15.783471,-90.230759
Guatemala,Nuts inc. Peanut Butter,2,3.54,15.783471,-90.230759
Uganda,Pork,3.37,11.93,1.373333,32.290275
Uganda,Poultry,1.51,1.62,1.373333,32.290275
Uganda,Beef,5.15,158.92,1.373333,32.290275
Uganda,Lamb & Goat,1.25,43.77,1.373333,32.290275
Uganda,Fish,12.5,19.96,1.373333,32.290275
Uganda,Eggs,0.97,0.89,1.373333,32.290275
Uganda,Milk - inc. cheese,37.27,53.09,1.373333,32.290275
Uganda,Wheat and Wheat Products,10.14,1.93,1.373333,32.290275
Uganda,Rice,4.64,5.94,1.373333,32.290275
Uganda,Soybeans,0.01,0,1.373333,32.290275
Uganda,Nuts inc. Peanut Butter,3.77,6.67,1.373333,32.290275
Nepal,Pork,0.67,2.37,28.394857,84.124008
Nepal,Poultry,1.56,1.68,28.394857,84.124008
Nepal,Beef,7.89,243.47,28.394857,84.124008
Nepal,Lamb & Goat,2.1,73.54,28.394857,84.124008
Nepal,Fish,2.17,3.46,28.394857,84.124008
Nepal,Eggs,1.42,1.3,28.394857,84.124008
Nepal,Milk - inc. cheese,52.1,74.21,28.394857,84.124008
Nepal,Wheat and Wheat Products,50.46,9.62,28.394857,84.124008
Nepal,Rice,87.75,112.29,28.394857,84.124008
Nepal,Soybeans,0.01,0,28.394857,84.124008
Nepal,Nuts inc. Peanut Butter,2.42,4.28,28.394857,84.124008
Iran,Pork,0,0,32.427908,53.688046
Iran,Poultry,25.38,27.26,32.427908,53.688046
Iran,Beef,3.58,110.47,32.427908,53.688046
Iran,Lamb & Goat,3.69,129.22,32.427908,53.688046
Iran,Fish,9.8,15.65,32.427908,53.688046
Iran,Eggs,7.7,7.07,32.427908,53.688046
Iran,Milk - inc. cheese,46.69,66.51,32.427908,53.688046
Iran,Wheat and Wheat Products,153.31,29.24,32.427908,53.688046
Iran,Rice,29.95,38.33,32.427908,53.688046
Iran,Soybeans,0,0,32.427908,53.688046
Iran,Nuts inc. Peanut Butter,12.16,21.52,32.427908,53.688046
Tanzania,Pork,0.32,1.13,-6.369028,34.888822
Tanzania,Poultry,1.84,1.98,-6.369028,34.888822
Tanzania,Beef,6.09,187.92,-6.369028,34.888822
Tanzania,Lamb & Goat,1.28,44.83,-6.369028,34.888822
Tanzania,Fish,5.5,8.78,-6.369028,34.888822
Tanzania,Eggs,0.58,0.53,-6.369028,34.888822
Tanzania,Milk - inc. cheese,40.29,57.39,-6.369028,34.888822
Tanzania,Wheat and Wheat Products,15.94,3.04,-6.369028,34.888822
Tanzania,Rice,21.01,26.89,-6.369028,34.888822
Tanzania,Soybeans,0.04,0.02,-6.369028,34.888822
Tanzania,Nuts inc. Peanut Butter,5.94,10.51,-6.369028,34.888822
Senegal,Pork,0.94,3.33,14.497401,-14.452362
Senegal,Poultry,4.62,4.96,14.497401,-14.452362
Senegal,Beef,5.85,180.52,14.497401,-14.452362
Senegal,Lamb & Goat,3.19,111.71,14.497401,-14.452362
Senegal,Fish,22.94,36.63,14.497401,-14.452362
Senegal,Eggs,1.63,1.5,14.497401,-14.452362
Senegal,Milk - inc. cheese,16.86,24.02,14.497401,-14.452362
Senegal,Wheat and Wheat Products,37.32,7.12,14.497401,-14.452362
Senegal,Rice,72.29,92.51,14.497401,-14.452362
Senegal,Soybeans,0,0,14.497401,-14.452362
Senegal,Nuts inc. Peanut Butter,4.03,7.13,14.497401,-14.452362
Peru,Pork,3.85,13.63,-9.189967,-75.015152
Peru,Poultry,11.72,12.59,-9.189967,-75.015152
Peru,Beef,4.69,144.72,-9.189967,-75.015152
Peru,Lamb & Goat,1,35.02,-9.189967,-75.015152
Peru,Fish,15.74,25.13,-9.189967,-75.015152
Peru,Eggs,8.76,8.05,-9.189967,-75.015152
Peru,Milk - inc. cheese,62.15,88.53,-9.189967,-75.015152
Peru,Wheat and Wheat Products,56.12,10.7,-9.189967,-75.015152
Peru,Rice,48.92,62.6,-9.189967,-75.015152
Peru,Soybeans,1.59,0.72,-9.189967,-75.015152
Peru,Nuts inc. Peanut Butter,0.65,1.15,-9.189967,-75.015152
Nicaragua,Pork,3.38,11.96,12.865416,-85.207229
Nicaragua,Poultry,21.31,22.89,12.865416,-85.207229
Nicaragua,Beef,4.73,145.96,12.865416,-85.207229
Nicaragua,Lamb & Goat,0.01,0.35,12.865416,-85.207229
Nicaragua,Fish,3.59,5.73,12.865416,-85.207229
Nicaragua,Eggs,4.9,4.5,12.865416,-85.207229
Nicaragua,Milk - inc. cheese,85.16,121.3,12.865416,-85.207229
Nicaragua,Wheat and Wheat Products,28.17,5.37,12.865416,-85.207229
Nicaragua,Rice,43.33,55.45,12.865416,-85.207229
Nicaragua,Soybeans,0.01,0,12.865416,-85.207229
Nicaragua,Nuts inc. Peanut Butter,2.36,4.18,12.865416,-85.207229
Vietnam,Pork,35,123.88,14.058324,108.277199
Vietnam,Poultry,12.36,13.28,14.058324,108.277199
Vietnam,Beef,7.44,229.58,14.058324,108.277199
Vietnam,Lamb & Goat,0.14,4.9,14.058324,108.277199
Vietnam,Fish,26.52,42.34,14.058324,108.277199
Vietnam,Eggs,3.84,3.53,14.058324,108.277199
Vietnam,Milk - inc. cheese,16.36,23.3,14.058324,108.277199
Vietnam,Wheat and Wheat Products,10.49,2,14.058324,108.277199
Vietnam,Rice,144.56,184.99,14.058324,108.277199
Vietnam,Soybeans,5.75,2.59,14.058324,108.277199
Vietnam,Nuts inc. Peanut Butter,6.28,11.12,14.058324,108.277199
Ethiopia,Pork,0.02,0.07,9.145,40.489673
Ethiopia,Poultry,0.66,0.71,9.145,40.489673
Ethiopia,Beef,3.61,111.4,9.145,40.489673
Ethiopia,Lamb & Goat,1.57,54.98,9.145,40.489673
Ethiopia,Fish,0.24,0.38,9.145,40.489673
Ethiopia,Eggs,0.36,0.33,9.145,40.489673
Ethiopia,Milk - inc. cheese,44.14,62.87,9.145,40.489673
Ethiopia,Wheat and Wheat Products,31.26,5.96,9.145,40.489673
Ethiopia,Rice,2.25,2.88,9.145,40.489673
Ethiopia,Soybeans,0.45,0.2,9.145,40.489673
Ethiopia,Nuts inc. Peanut Butter,1.21,2.14,9.145,40.489673
Zambia,Pork,1.66,5.88,-13.133897,27.849332
Zambia,Poultry,3.29,3.53,-13.133897,27.849332
Zambia,Beef,4.76,146.88,-13.133897,27.849332
Zambia,Lamb & Goat,0.68,23.81,-13.133897,27.849332
Zambia,Fish,6.2,9.9,-13.133897,27.849332
Zambia,Eggs,3.32,3.05,-13.133897,27.849332
Zambia,Milk - inc. cheese,9.71,13.83,-13.133897,27.849332
Zambia,Wheat and Wheat Products,12.1,2.31,-13.133897,27.849332
Zambia,Rice,3.05,3.9,-13.133897,27.849332
Zambia,Soybeans,7.3,3.29,-13.133897,27.849332
Zambia,Nuts inc. Peanut Butter,5.04,8.92,-13.133897,27.849332
Cameroon,Pork,1.47,5.2,7.369722,12.354722
Cameroon,Poultry,3.29,3.53,7.369722,12.354722
Cameroon,Beef,4.17,128.68,7.369722,12.354722
Cameroon,Lamb & Goat,1.4,49.03,7.369722,12.354722
Cameroon,Fish,14.71,23.49,7.369722,12.354722
Cameroon,Eggs,0.4,0.37,7.369722,12.354722
Cameroon,Milk - inc. cheese,15.27,21.75,7.369722,12.354722
Cameroon,Wheat and Wheat Products,22.6,4.31,7.369722,12.354722
Cameroon,Rice,23.85,30.52,7.369722,12.354722
Cameroon,Soybeans,0.64,0.29,7.369722,12.354722
Cameroon,Nuts inc. Peanut Butter,9.29,16.44,7.369722,12.354722
Madagascar,Pork,2.56,9.06,-18.766947,46.869107
Madagascar,Poultry,3.14,3.37,-18.766947,46.869107
Madagascar,Beef,7.51,231.74,-18.766947,46.869107
Madagascar,Lamb & Goat,0.57,19.96,-18.766947,46.869107
Madagascar,Fish,4.41,7.04,-18.766947,46.869107
Madagascar,Eggs,0.71,0.65,-18.766947,46.869107
Madagascar,Milk - inc. cheese,24.84,35.38,-18.766947,46.869107
Madagascar,Wheat and Wheat Products,9.01,1.72,-18.766947,46.869107
Madagascar,Rice,102.53,131.21,-18.766947,46.869107
Madagascar,Soybeans,0,0,-18.766947,46.869107
Madagascar,Nuts inc. Peanut Butter,0.35,0.62,-18.766947,46.869107
Malawi,Pork,5.45,19.29,-13.254308,34.301525
Malawi,Poultry,1.38,1.48,-13.254308,34.301525
Malawi,Beef,2.35,72.52,-13.254308,34.301525
Malawi,Lamb & Goat,2.07,72.49,-13.254308,34.301525
Malawi,Fish,7.33,11.7,-13.254308,34.301525
Malawi,Eggs,1.08,0.99,-13.254308,34.301525
Malawi,Milk - inc. cheese,7.98,11.37,-13.254308,34.301525
Malawi,Wheat and Wheat Products,11.77,2.24,-13.254308,34.301525
Malawi,Rice,4.75,6.08,-13.254308,34.301525
Malawi,Soybeans,1.76,0.79,-13.254308,34.301525
Malawi,Nuts inc. Peanut Butter,5.08,8.99,-13.254308,34.301525
Guinea,Pork,0.16,0.57,9.945587,-9.696645
Guinea,Poultry,1.83,1.97,9.945587,-9.696645
Guinea,Beef,6.26,193.17,9.945587,-9.696645
Guinea,Lamb & Goat,1.6,56.03,9.945587,-9.696645
Guinea,Fish,9.18,14.66,9.945587,-9.696645
Guinea,Eggs,1.95,1.79,9.945587,-9.696645
Guinea,Milk - inc. cheese,20.62,29.37,9.945587,-9.696645
Guinea,Wheat and Wheat Products,18.55,3.54,9.945587,-9.696645
Guinea,Rice,97.12,124.28,9.945587,-9.696645
Guinea,Soybeans,0,0,9.945587,-9.696645
Guinea,Nuts inc. Peanut Butter,4.14,7.33,9.945587,-9.696645
Nigeria,Pork,1.47,5.2,9.081999,8.675277
Nigeria,Poultry,1.73,1.86,9.081999,8.675277
Nigeria,Beef,2.33,71.9,9.081999,8.675277
Nigeria,Lamb & Goat,2.72,95.25,9.081999,8.675277
Nigeria,Fish,16.03,25.59,9.081999,8.675277
Nigeria,Eggs,3.46,3.18,9.081999,8.675277
Nigeria,Milk - inc. cheese,7.91,11.27,9.081999,8.675277
Nigeria,Wheat and Wheat Products,20.82,3.97,9.081999,8.675277
Nigeria,Rice,28.23,36.13,9.081999,8.675277
Nigeria,Soybeans,2.6,1.17,9.081999,8.675277
Nigeria,Nuts inc. Peanut Butter,6.93,12.27,9.081999,8.675277
Rwanda,Pork,0.76,2.69,-1.940278,29.873888
Rwanda,Poultry,1.34,1.44,-1.940278,29.873888
Rwanda,Beef,2.53,78.07,-1.940278,29.873888
Rwanda,Lamb & Goat,1.93,67.59,-1.940278,29.873888
Rwanda,Fish,3.88,6.2,-1.940278,29.873888
Rwanda,Eggs,0.16,0.15,-1.940278,29.873888
Rwanda,Milk - inc. cheese,7.23,10.3,-1.940278,29.873888
Rwanda,Wheat and Wheat Products,11.34,2.16,-1.940278,29.873888
Rwanda,Rice,8.7,11.13,-1.940278,29.873888
Rwanda,Soybeans,1.93,0.87,-1.940278,29.873888
Rwanda,Nuts inc. Peanut Butter,0.58,1.03,-1.940278,29.873888
Philippines,Pork,18.4,65.13,12.879721,121.774017
Philippines,Poultry,11.91,12.79,12.879721,121.774017
Philippines,Beef,4.06,125.28,12.879721,121.774017
Philippines,Lamb & Goat,0.56,19.61,12.879721,121.774017
Philippines,Fish,28.51,45.52,12.879721,121.774017
Philippines,Eggs,4.02,3.69,12.879721,121.774017
Philippines,Milk - inc. cheese,15.66,22.31,12.879721,121.774017
Philippines,Wheat and Wheat Products,23.12,4.41,12.879721,121.774017
Philippines,Rice,119.44,152.85,12.879721,121.774017
Philippines,Soybeans,0.03,0.01,12.879721,121.774017
Philippines,Nuts inc. Peanut Butter,2.08,3.68,12.879721,121.774017
Ghana,Pork,1.36,4.81,7.946527,-1.023194
Ghana,Poultry,8.63,9.27,7.946527,-1.023194
Ghana,Beef,1.09,33.64,7.946527,-1.023194
Ghana,Lamb & Goat,1.74,60.93,7.946527,-1.023194
Ghana,Fish,26.05,41.59,7.946527,-1.023194
Ghana,Eggs,1.21,1.11,7.946527,-1.023194
Ghana,Milk - inc. cheese,9.08,12.93,7.946527,-1.023194
Ghana,Wheat and Wheat Products,14.45,2.76,7.946527,-1.023194
Ghana,Rice,32.03,40.99,7.946527,-1.023194
Ghana,Soybeans,0.01,0,7.946527,-1.023194
Ghana,Nuts inc. Peanut Butter,5.56,9.84,7.946527,-1.023194
Togo,Pork,1.57,5.56,8.619543,0.824782
Togo,Poultry,6.63,7.12,8.619543,0.824782
Togo,Beef,1.53,47.21,8.619543,0.824782
Togo,Lamb & Goat,1.58,55.33,8.619543,0.824782
Togo,Fish,11.69,18.67,8.619543,0.824782
Togo,Eggs,0.86,0.79,8.619543,0.824782
Togo,Milk - inc. cheese,7.96,11.34,8.619543,0.824782
Togo,Wheat and Wheat Products,12.91,2.46,8.619543,0.824782
Togo,Rice,25.99,33.26,8.619543,0.824782
Togo,Soybeans,0.01,0,8.619543,0.824782
Togo,Nuts inc. Peanut Butter,3.59,6.35,8.619543,0.824782
Gambia,Pork,0.18,0.64,13.443182,-15.310139
Gambia,Poultry,2.66,2.86,13.443182,-15.310139
Gambia,Beef,2.16,66.65,13.443182,-15.310139
Gambia,Lamb & Goat,0.71,24.86,13.443182,-15.310139
Gambia,Fish,23.13,36.93,13.443182,-15.310139
Gambia,Eggs,0.99,0.91,13.443182,-15.310139
Gambia,Milk - inc. cheese,45.71,65.11,13.443182,-15.310139
Gambia,Wheat and Wheat Products,37.91,7.23,13.443182,-15.310139
Gambia,Rice,61.84,79.14,13.443182,-15.310139
Gambia,Soybeans,0,0,13.443182,-15.310139
Gambia,Nuts inc. Peanut Butter,5.27,9.33,13.443182,-15.310139
India,Pork,0.28,0.99,20.593684,78.96288
India,Poultry,1.88,2.02,20.593684,78.96288
India,Beef,0.81,24.99,20.593684,78.96288
India,Lamb & Goat,0.58,20.31,20.593684,78.96288
India,Fish,4.71,7.52,20.593684,78.96288
India,Eggs,2.58,2.37,20.593684,78.96288
India,Milk - inc. cheese,84.5,120.36,20.593684,78.96288
India,Wheat and Wheat Products,60.56,11.55,20.593684,78.96288
India,Rice,69.49,88.93,20.593684,78.96288
India,Soybeans,0.39,0.18,20.593684,78.96288
India,Nuts inc. Peanut Butter,1.92,3.4,20.593684,78.96288
Thailand,Pork,13,46.01,15.870032,100.992541
Thailand,Poultry,13.69,14.71,15.870032,100.992541
Thailand,Beef,2.56,79,15.870032,100.992541
Thailand,Lamb & Goat,0.05,1.75,15.870032,100.992541
Thailand,Fish,19.45,31.06,15.870032,100.992541
Thailand,Eggs,12.35,11.34,15.870032,100.992541
Thailand,Milk - inc. cheese,29.35,41.81,15.870032,100.992541
Thailand,Wheat and Wheat Products,10.93,2.08,15.870032,100.992541
Thailand,Rice,114.57,146.62,15.870032,100.992541
Thailand,Soybeans,2.13,0.96,15.870032,100.992541
Thailand,Nuts inc. Peanut Butter,1.5,2.66,15.870032,100.992541
Mozambique,Pork,5.13,18.16,-18.665695,35.529562
Mozambique,Poultry,1.41,1.51,-18.665695,35.529562
Mozambique,Beef,1.04,32.09,-18.665695,35.529562
Mozambique,Lamb & Goat,0.9,31.52,-18.665695,35.529562
Mozambique,Fish,7.74,12.36,-18.665695,35.529562
Mozambique,Eggs,1.7,1.56,-18.665695,35.529562
Mozambique,Milk - inc. cheese,4.79,6.82,-18.665695,35.529562
Mozambique,Wheat and Wheat Products,14.65,2.79,-18.665695,35.529562
Mozambique,Rice,23.41,29.96,-18.665695,35.529562
Mozambique,Soybeans,0.03,0.01,-18.665695,35.529562
Mozambique,Nuts inc. Peanut Butter,2.61,4.62,-18.665695,35.529562
Cambodia,Pork,6.52,23.08,12.565679,104.990963
Cambodia,Poultry,1.84,1.98,12.565679,104.990963
Cambodia,Beef,4.85,149.66,12.565679,104.990963
Cambodia,Lamb & Goat,0,0,12.565679,104.990963
Cambodia,Fish,39.59,63.21,12.565679,104.990963
Cambodia,Eggs,1.37,1.26,12.565679,104.990963
Cambodia,Milk - inc. cheese,3.47,4.94,12.565679,104.990963
Cambodia,Wheat and Wheat Products,2.74,0.52,12.565679,104.990963
Cambodia,Rice,159.1,203.6,12.565679,104.990963
Cambodia,Soybeans,4.33,1.95,12.565679,104.990963
Cambodia,Nuts inc. Peanut Butter,1.25,2.21,12.565679,104.990963
Sierra Leone,Pork,1.22,4.32,8.460555,-11.779889
Sierra Leone,Poultry,4.97,5.34,8.460555,-11.779889
Sierra Leone,Beef,1.99,61.41,8.460555,-11.779889
Sierra Leone,Lamb & Goat,0.65,22.76,8.460555,-11.779889
Sierra Leone,Fish,32.03,51.14,8.460555,-11.779889
Sierra Leone,Eggs,1.92,1.76,8.460555,-11.779889
Sierra Leone,Milk - inc. cheese,7,9.97,8.460555,-11.779889
Sierra Leone,Wheat and Wheat Products,8.72,1.66,8.460555,-11.779889
Sierra Leone,Rice,103.3,132.19,8.460555,-11.779889
Sierra Leone,Soybeans,0,0,8.460555,-11.779889
Sierra Leone,Nuts inc. Peanut Butter,5.57,9.86,8.460555,-11.779889
Sri Lanka,Pork,0.05,0.18,7.873054,80.771797
Sri Lanka,Poultry,4.96,5.33,7.873054,80.771797
Sri Lanka,Beef,1.38,42.58,7.873054,80.771797
Sri Lanka,Lamb & Goat,0.09,3.15,7.873054,80.771797
Sri Lanka,Fish,24.92,39.79,7.873054,80.771797
Sri Lanka,Eggs,4.57,4.2,7.873054,80.771797
Sri Lanka,Milk - inc. cheese,34.98,49.83,7.873054,80.771797
Sri Lanka,Wheat and Wheat Products,37.01,7.06,7.873054,80.771797
Sri Lanka,Rice,109.72,140.41,7.873054,80.771797
Sri Lanka,Soybeans,0,0,7.873054,80.771797
Sri Lanka,Nuts inc. Peanut Butter,1.09,1.93,7.873054,80.771797
Indonesia,Pork,2.98,10.55,-0.789275,113.921327
Indonesia,Poultry,7.5,8.06,-0.789275,113.921327
Indonesia,Beef,2.59,79.92,-0.789275,113.921327
Indonesia,Lamb & Goat,0.46,16.11,-0.789275,113.921327
Indonesia,Fish,25.65,40.95,-0.789275,113.921327
Indonesia,Eggs,4.88,4.48,-0.789275,113.921327
Indonesia,Milk - inc. cheese,14.82,21.11,-0.789275,113.921327
Indonesia,Wheat and Wheat Products,25.45,4.85,-0.789275,113.921327
Indonesia,Rice,134.62,172.27,-0.789275,113.921327
Indonesia,Soybeans,1.12,0.5,-0.789275,113.921327
Indonesia,Nuts inc. Peanut Butter,4.92,8.71,-0.789275,113.921327
Liberia,Pork,4.01,14.19,6.428055,-9.429499
Liberia,Poultry,8.91,9.57,6.428055,-9.429499
Liberia,Beef,0.78,24.07,6.428055,-9.429499
Liberia,Lamb & Goat,0.48,16.81,6.428055,-9.429499
Liberia,Fish,4.13,6.59,6.428055,-9.429499
Liberia,Eggs,2.05,1.88,6.428055,-9.429499
Liberia,Milk - inc. cheese,3.04,4.33,6.428055,-9.429499
Liberia,Wheat and Wheat Products,10.95,2.09,6.428055,-9.429499
Liberia,Rice,94.75,121.25,6.428055,-9.429499
Liberia,Soybeans,0.63,0.28,6.428055,-9.429499
Liberia,Nuts inc. Peanut Butter,1.31,2.32,6.428055,-9.429499
Bangladesh,Pork,0,0,23.684994,90.356331
Bangladesh,Poultry,1.4,1.5,23.684994,90.356331
Bangladesh,Beef,1.28,39.5,23.684994,90.356331
Bangladesh,Lamb & Goat,1.33,46.58,23.684994,90.356331
Bangladesh,Fish,18.07,28.85,23.684994,90.356331
Bangladesh,Eggs,2.08,1.91,23.684994,90.356331
Bangladesh,Milk - inc. cheese,21.91,31.21,23.684994,90.356331
Bangladesh,Wheat and Wheat Products,17.47,3.33,23.684994,90.356331
Bangladesh,Rice,171.73,219.76,23.684994,90.356331
Bangladesh,Soybeans,0.61,0.27,23.684994,90.356331
Bangladesh,Nuts inc. Peanut Butter,0.72,1.27,23.684994,90.356331
